Img_Time(Sec),IMU_Time(Sec),Roll(rad),Pitch(rad),Yaw(rad)
0.00000,0.00000,0.10835,-0.00588,3.05710
0.01026,0.00271,0.10830,-0.00604,3.05674
0.01667,0.02437,0.10832,-0.00604,3.05674
0.02228,0.02437,0.10832,-0.00604,3.05674
0.03476,0.03284,0.10836,-0.00606,3.05669
0.03875,0.03284,0.10836,-0.00606,3.05669
0.15536,0.15591,0.10835,-0.00611,3.05653
0.31904,0.31447,0.10820,-0.00608,3.05640
0.49491,0.49715,0.10813,-0.00607,3.05638
0.64468,0.64731,0.10817,-0.00604,3.05618
0.81430,0.85590,0.10814,-0.00601,3.05618
0.97661,0.85590,0.10814,-0.00601,3.05618
1.14171,1.22525,0.10814,-0.00602,3.05619
1.32179,1.34914,0.10815,-0.00604,3.05613
1.47525,1.36314,0.10812,-0.00605,3.05604
1.68022,1.65643,0.10812,-0.00603,3.05588
1.80367,1.65643,0.10812,-0.00603,3.05588
2.01371,1.65643,0.10812,-0.00603,3.05588
2.18850,2.38868,0.10813,-0.00602,3.05590
2.30670,2.38868,0.10813,-0.00602,3.05590
2.49706,2.48212,0.10805,-0.00600,3.05558
2.63279,2.52221,0.10803,-0.00603,3.05547
2.84476,2.52221,0.10803,-0.00603,3.05547
2.96504,3.38832,0.10806,-0.00604,3.05547
3.13624,3.38832,0.10806,-0.00604,3.05547
3.30411,3.38832,0.10806,-0.00604,3.05547
3.51724,3.49571,0.10810,-0.00601,3.05523
3.62938,3.49571,0.10810,-0.00601,3.05523
3.79700,3.49571,0.10810,-0.00601,3.05523
3.96383,4.21475,0.10809,-0.00600,3.05521
4.13339,4.21475,0.10809,-0.00600,3.05521
4.31946,4.28222,0.10807,-0.00595,3.05512
4.46867,4.28222,0.10807,-0.00595,3.05512
4.62979,4.28222,0.10807,-0.00595,3.05512
4.79932,4.98776,0.10809,-0.00593,3.05508
4.96562,4.98776,0.10809,-0.00593,3.05508
5.13341,5.06802,0.10816,-0.00595,3.05477
5.34030,5.06802,0.10816,-0.00595,3.05477
5.46614,5.77418,0.10813,-0.00596,3.05479
5.63380,5.77418,0.10813,-0.00596,3.05479
5.79758,5.77426,0.10811,-0.00599,3.05476
5.96583,5.90745,0.10815,-0.00587,3.05483
6.13836,5.90745,0.10815,-0.00587,3.05483
6.29883,5.90745,0.10815,-0.00587,3.05483
6.48945,6.82706,0.10812,-0.00585,3.05476
6.64111,6.82706,0.10812,-0.00585,3.05476
6.79740,6.82706,0.10812,-0.00585,3.05476
6.96611,6.90711,0.10809,-0.00586,3.05460
7.13485,6.90711,0.10809,-0.00586,3.05460
7.32240,6.90711,0.10809,-0.00586,3.05460
7.46282,6.90711,0.10809,-0.00586,3.05460
7.63032,8.19986,0.10808,-0.00587,3.05463
7.80389,8.19986,0.10808,-0.00587,3.05463
7.96419,8.19986,0.10808,-0.00587,3.05463
8.13937,8.19986,0.10808,-0.00587,3.05463
8.32280,8.32022,0.10810,-0.00584,3.05468
8.46384,8.32022,0.10810,-0.00584,3.05468
8.64137,8.32022,0.10810,-0.00584,3.05468
8.79948,8.32022,0.10810,-0.00584,3.05468
8.98728,8.32022,0.10810,-0.00584,3.05468
9.14587,8.32022,0.10810,-0.00584,3.05468
9.31438,8.32022,0.10810,-0.00584,3.05468
9.46513,10.41238,0.10810,-0.00583,3.05460
9.63258,10.41238,0.10810,-0.00583,3.05460
9.79796,10.41238,0.10810,-0.00583,3.05460
9.96872,10.41238,0.10810,-0.00583,3.05460
10.15650,10.41238,0.10810,-0.00583,3.05460
10.30554,10.41238,0.10810,-0.00583,3.05460
10.46515,10.49233,0.10810,-0.00591,3.05458
10.63163,10.62567,0.10799,-0.00588,3.05433
10.79872,10.62567,0.10799,-0.00588,3.05433
10.98145,10.62567,0.10799,-0.00588,3.05433
11.13128,10.62567,0.10799,-0.00588,3.05433
11.32566,10.62567,0.10799,-0.00588,3.05433
11.46308,10.62567,0.10799,-0.00588,3.05433
11.63053,10.62567,0.10799,-0.00588,3.05433
11.80033,12.71827,0.10802,-0.00587,3.05427
11.96621,12.71827,0.10802,-0.00587,3.05427
12.13732,12.71827,0.10802,-0.00587,3.05427
12.29968,12.71827,0.10802,-0.00587,3.05427
12.47782,12.71827,0.10802,-0.00587,3.05427
12.65019,12.71827,0.10802,-0.00587,3.05427
12.79933,12.81154,0.10795,-0.00587,3.05423
12.96492,12.89152,0.10794,-0.00585,3.05405
13.13175,12.89152,0.10794,-0.00585,3.05405
13.29679,12.89152,0.10794,-0.00585,3.05405
13.48097,12.89152,0.10794,-0.00585,3.05405
13.63387,12.89152,0.10794,-0.00585,3.05405
13.79762,12.89152,0.10794,-0.00585,3.05405
13.96750,14.87760,0.10793,-0.00585,3.05408
14.13493,14.87760,0.10793,-0.00585,3.05408
14.31298,14.87760,0.10793,-0.00585,3.05408
14.46771,14.87760,0.10793,-0.00585,3.05408
14.63112,14.87760,0.10793,-0.00585,3.05408
14.79668,14.87760,0.10793,-0.00585,3.05408
14.88630,14.87764,0.10790,-0.00588,3.05418
14.88630,14.91747,0.10793,-0.00589,3.05413
15.07912,14.97094,0.10793,-0.00592,3.05404
15.21390,14.97094,0.10793,-0.00592,3.05404
15.37813,14.97094,0.10793,-0.00592,3.05404
15.55407,14.97094,0.10793,-0.00592,3.05404
15.75552,14.97094,0.10793,-0.00592,3.05404
15.87317,14.97094,0.10793,-0.00592,3.05404
16.07936,17.05000,0.10793,-0.00593,3.05401
16.20566,17.05000,0.10793,-0.00593,3.05401
16.37456,17.05000,0.10793,-0.00593,3.05401
16.58908,17.05000,0.10793,-0.00593,3.05401
16.70208,17.05000,0.10793,-0.00593,3.05401
16.90859,17.05000,0.10793,-0.00593,3.05401
17.04055,17.05000,0.10793,-0.00593,3.05401
17.20074,17.25007,0.10785,-0.00597,3.05394
17.38471,17.29004,0.10783,-0.00603,3.05391
17.57219,17.29004,0.10783,-0.00603,3.05391
17.69654,18.05362,0.10782,-0.00603,3.05391
17.90716,18.05362,0.10782,-0.00603,3.05391
18.03405,18.05362,0.10782,-0.00603,3.05391
18.19360,18.19047,0.10776,-0.00605,3.05361
18.38174,18.39302,0.10771,-0.00600,3.05193
18.52276,18.51459,0.11029,-0.00858,3.05410
18.69149,18.69080,0.09807,-0.05722,-3.08960
18.85970,18.85142,0.09716,-0.05743,-3.08857
19.02154,19.02218,0.09853,-0.06044,-3.08782
19.18657,19.18326,0.09644,-0.05985,-3.08904
19.35505,19.35340,0.09743,-0.05951,-3.08828
19.51673,19.55508,0.09941,-0.05942,-3.08683
19.68546,19.68813,0.09903,-0.05720,-3.08792
19.84924,19.84730,0.09501,-0.05359,-3.08894
20.01377,20.01381,0.09791,-0.05727,-3.08619
20.18148,20.19150,0.09878,-0.05777,-3.08554
20.36226,20.36505,0.09434,-0.05746,-3.08671
20.51097,20.50153,0.09273,-0.05779,-3.08683
20.67868,20.67846,0.09058,-0.06102,-3.08806
20.84142,20.82258,0.08533,-0.06019,-3.08850
21.01055,20.98302,0.08652,-0.06121,-3.08662
21.21224,21.25002,0.08918,-0.06116,-3.08669
21.33828,21.26871,0.09061,-0.05889,-3.08610
21.50955,21.55457,0.09439,-0.06322,-3.08274
21.71287,21.71842,0.09624,-0.06486,-3.08232
21.83590,21.86164,0.09691,-0.06550,-3.08135
22.00428,22.03642,0.10332,-0.06668,-3.08812
22.20775,22.21073,0.09215,-0.04276,3.13847
22.33125,22.33257,0.09164,-0.04201,3.13644
22.51286,22.50938,0.09059,-0.03586,3.09840
22.66285,22.65927,0.09391,-0.03577,3.09607
22.82956,22.83471,0.09329,-0.03640,3.09528
22.99687,22.99679,0.09379,-0.03681,3.09670
23.16887,23.17131,0.09698,-0.03545,3.09525
23.32540,23.32261,0.09564,-0.03077,3.07428
23.51833,23.52120,0.09386,-0.02575,3.04720
23.65622,23.65933,0.09445,-0.02065,3.03400
23.85470,23.85906,0.09717,-0.02692,3.02911
23.98994,23.98991,0.09595,-0.02860,3.02861
24.15646,24.15663,0.09446,-0.02847,3.03077
24.32235,24.31907,0.09486,-0.02931,3.03373
24.48406,24.47857,0.09617,-0.02999,3.03537
24.65323,24.65834,0.09753,-0.03036,3.03665
24.81704,24.82294,0.09902,-0.03180,3.03756
24.99169,24.99024,0.10039,-0.03258,3.04039
25.15295,25.14724,0.10190,-0.03299,3.04144
25.31273,25.30970,0.10158,-0.03195,3.04197
25.47811,25.48173,0.10017,-0.03068,3.04351
25.64295,25.64903,0.09958,-0.03062,3.04595
25.81180,25.80900,0.10210,-0.03116,3.04780
25.97442,25.97089,0.10440,-0.02962,3.04972
26.14076,26.14095,0.10258,-0.02948,3.05093
26.30484,26.30053,0.10309,-0.03072,3.05313
26.47043,26.47137,0.10900,-0.03307,3.05681
26.63938,26.64398,0.11049,-0.03518,3.05805
26.80480,26.80904,0.10635,-0.03624,3.05880
26.97149,26.96707,0.10438,-0.03553,3.06014
27.13652,27.14193,0.10671,-0.03493,3.06364
27.29866,27.30144,0.10923,-0.03395,3.06566
27.46765,27.47483,0.10764,-0.03403,3.06662
27.63282,27.63394,0.10508,-0.03042,3.06850
27.79679,27.80118,0.10793,-0.02975,3.07210
27.96876,27.97336,0.11007,-0.03041,3.07450
28.15700,28.15970,0.10716,-0.03048,3.07594
28.29531,28.29550,0.10513,-0.02971,3.07772
28.46042,28.46243,0.10829,-0.03204,3.08132
28.62972,28.63104,0.11079,-0.03346,3.08265
28.80202,28.79843,0.11000,-0.03410,3.08510
28.96842,28.97108,0.11072,-0.03195,3.08849
29.17197,29.17344,0.11246,-0.03437,3.09092
29.29484,29.29012,0.11107,-0.03629,3.09097
29.46126,29.46135,0.10999,-0.03807,3.09116
29.62693,29.62331,0.10896,-0.03566,3.09289
29.79547,29.79095,0.10802,-0.03385,3.09465
29.96464,29.96327,0.10874,-0.03452,3.09553
30.13192,30.13278,0.10910,-0.03544,3.09706
30.29513,30.29236,0.10936,-0.03354,3.09959
30.46013,30.46098,0.11124,-0.03232,3.10169
30.62835,30.62500,0.11160,-0.03296,3.10087
30.79378,30.78917,0.11000,-0.03139,3.10220
30.79378,30.95287,0.10725,-0.02801,3.10293
30.95815,30.96309,0.10724,-0.02791,3.10307
31.13615,31.13766,0.10561,-0.02970,3.10371
31.28989,31.29358,0.10487,-0.03293,3.10387
31.45901,31.45294,0.10404,-0.03372,3.10559
31.62670,31.62642,0.10549,-0.03222,3.10781
31.79242,31.79062,0.10658,-0.03388,3.10817
31.95777,31.96194,0.10674,-0.03880,3.10750
32.15075,32.15127,0.10634,-0.03959,3.10751
32.29236,32.29420,0.10735,-0.03728,3.10826
32.45940,32.46569,0.10765,-0.03464,3.11233
32.62668,32.62939,0.10662,-0.03592,3.12290
32.79402,32.79233,0.10613,-0.03281,3.14127
32.95746,32.96036,0.10656,-0.02503,-3.12313
33.12673,33.12428,0.10563,-0.02083,-3.10434
33.29004,33.28886,0.10153,-0.01975,-3.08302
33.45680,33.45306,0.09845,-0.01794,-3.06236
33.62460,33.62814,0.09653,-0.01441,-3.03913
33.79177,33.79096,0.09597,-0.01220,-3.02049
33.95919,33.95292,0.09630,-0.00987,-3.00801
34.12395,34.12581,0.09566,-0.00985,-3.00611
34.29017,34.29691,0.09384,-0.01102,-3.00394
34.47057,34.46607,0.09529,-0.01217,-3.00491
34.62679,34.62748,0.09582,-0.01485,-3.00748
34.81567,34.81473,0.09316,-0.02035,-3.00948
34.95940,34.96125,0.08892,-0.02407,-3.01050
35.12931,35.13052,0.08581,-0.02735,-3.01119
35.29076,35.28742,0.08440,-0.02801,-3.01133
35.47740,35.47971,0.08191,-0.03018,-3.01277
35.62336,35.62581,0.07966,-0.03514,-3.01479
35.79215,35.79097,0.08020,-0.04187,-3.01419
35.95870,35.95880,0.08079,-0.04325,-3.01360
36.12328,36.12144,0.07922,-0.04326,-3.01487
36.29129,36.29601,0.07797,-0.04586,-3.01571
36.45766,36.45875,0.07821,-0.04770,-3.01586
36.62758,36.63215,0.08115,-0.04704,-3.01455
36.79559,36.79178,0.08274,-0.04743,-3.01424
36.95713,36.94862,0.08160,-0.04981,-3.01695
37.14002,37.13701,0.08179,-0.05438,-3.01634
37.29002,37.28786,0.08408,-0.05836,-3.01494
37.45772,37.46298,0.08350,-0.06066,-3.01516
37.65347,37.65470,0.08029,-0.06363,-3.01774
37.79393,37.79304,0.08046,-0.06672,-3.01779
37.95794,37.95812,0.08330,-0.07038,-3.01571
38.12562,38.12274,0.08511,-0.07221,-3.01866
38.29214,38.28967,0.08182,-0.07187,-3.02864
38.46085,38.46611,0.08171,-0.07142,-3.03635
38.62731,38.63183,0.08421,-0.07377,-3.04449
38.79476,38.79447,0.08080,-0.07007,-3.05945
38.96141,38.96969,0.07874,-0.06621,-3.07617
39.14133,39.13882,0.07492,-0.05956,-3.09753
39.29521,39.29800,0.07411,-0.05861,-3.11160
39.45721,39.45965,0.07121,-0.05159,-3.13137
39.62719,39.63111,0.07295,-0.04837,3.13709
39.79256,39.79361,0.07579,-0.04242,3.12001
39.92427,39.92870,0.07375,-0.03552,3.10424
40.04418,40.04429,0.07369,-0.03325,3.09434
40.21207,40.20914,0.07589,-0.02905,3.07766
40.37912,40.37645,0.07960,-0.02343,3.06296
40.54347,40.55192,0.08141,-0.02341,3.04606
40.74936,40.74792,0.08104,-0.02265,3.02641
40.87594,40.86778,0.08255,-0.02064,3.01571
41.08995,41.08587,0.08798,-0.01851,2.99730
41.20448,41.20595,0.08858,-0.02003,2.98675
41.36879,41.37149,0.08788,-0.02070,2.97539
41.53660,41.53167,0.09150,-0.02492,2.97534
41.70556,41.70384,0.09338,-0.02977,2.97569
41.86700,41.88025,0.09300,-0.03109,2.97897
42.03108,42.02824,0.09549,-0.03351,2.98153
42.19888,42.20013,0.09885,-0.03576,2.98648
42.36353,42.36362,0.09844,-0.03799,2.98808
42.56266,42.55710,0.09849,-0.04147,2.99085
42.69503,42.69377,0.10135,-0.04443,2.99312
42.90377,42.92719,0.10447,-0.04530,2.99588
43.02527,43.02868,0.10658,-0.04504,2.99873
43.19576,43.19967,0.10325,-0.04880,2.99899
43.40568,43.40741,0.10164,-0.05295,3.00298
43.52054,43.55117,0.10203,-0.05321,3.00350
43.69245,43.70583,0.10300,-0.05429,3.00640
43.85937,43.85756,0.10023,-0.05723,3.00715
44.01877,44.01001,0.09585,-0.05950,3.01164
44.23974,44.26184,0.10022,-0.05621,3.02827
44.34967,44.31824,0.10563,-0.05290,3.04457
44.52746,44.46703,0.10562,-0.05012,3.06032
44.67922,44.62427,0.10361,-0.04657,3.07767
44.84746,44.89303,0.10311,-0.04403,3.09242
45.01120,45.05590,0.09932,-0.04235,3.10514
45.23686,45.23823,0.09171,-0.03455,3.13245
45.34439,45.36539,0.09150,-0.03425,3.13347
45.51143,45.51234,0.09012,-0.03263,-3.13304
45.67273,45.67130,0.08941,-0.03138,-3.11393
45.84265,45.83807,0.08539,-0.03163,-3.10114
46.00444,46.00675,0.08362,-0.02992,-3.08901
46.17604,46.14953,0.08455,-0.02934,-3.07416
46.33691,46.29279,0.08616,-0.03019,-3.07297
46.54020,46.59794,0.08714,-0.02973,-3.07165
46.66764,46.61300,0.08828,-0.03006,-3.07298
46.83420,46.82826,0.08806,-0.03301,-3.07479
46.83420,47.08059,0.08273,-0.03507,-3.05967
47.04631,47.08059,0.08273,-0.03507,-3.05967
47.16485,47.10415,0.07873,-0.03792,-3.04379
47.33289,47.39236,0.08104,-0.04145,-3.03805
47.49906,47.53772,0.07818,-0.04228,-3.03871
47.67892,47.69757,0.07590,-0.04012,-3.04017
47.83186,47.83996,0.07379,-0.04201,-3.04182
48.03670,48.03735,0.07813,-0.04575,-3.04403
48.17752,48.17539,0.07817,-0.04376,-3.04534
48.32417,48.32708,0.07743,-0.04362,-3.04511
48.49246,48.49192,0.07862,-0.04626,-3.04506
48.65754,48.66194,0.08080,-0.04683,-3.04445
48.82605,48.83103,0.07819,-0.04565,-3.04610
48.99054,48.98932,0.07508,-0.04409,-3.04958
49.15429,49.15407,0.07251,-0.04850,-3.04976
49.31805,49.31237,0.07128,-0.05223,-3.05027
49.48409,49.47964,0.06785,-0.05416,-3.05212
49.65172,49.65331,0.06312,-0.05816,-3.05374
49.85232,49.85415,0.06227,-0.06259,-3.05278
49.98364,49.98644,0.06256,-0.06355,-3.05290
50.14694,50.15055,0.06365,-0.06437,-3.05266
50.31060,50.31369,0.06342,-0.06540,-3.05414
50.47733,50.47771,0.06222,-0.06685,-3.05483
50.64290,50.64395,0.06613,-0.07014,-3.05318
50.82339,50.82485,0.06924,-0.07322,-3.05483
51.02080,51.01593,0.06600,-0.07346,-3.05587
51.17494,51.17204,0.06303,-0.07216,-3.05670
51.30417,51.30661,0.06272,-0.07503,-3.05491
51.47218,51.47252,0.06390,-0.07657,-3.05409
51.64137,51.64460,0.06347,-0.07628,-3.05461
51.80276,51.80191,0.06261,-0.07722,-3.05419
51.99369,51.99016,0.06616,-0.07982,-3.05260
52.13348,52.13246,0.06893,-0.08083,-3.05179
52.29759,52.29312,0.07024,-0.08262,-3.05185
52.46585,52.47311,0.07163,-0.08651,-3.05087
52.63287,52.63732,0.07127,-0.08978,-3.04981
52.79792,52.79397,0.07190,-0.09340,-3.04823
53.00577,53.00139,0.07560,-0.09801,-3.04590
53.12858,53.13094,0.07710,-0.10088,-3.04485
53.29454,53.28949,0.07700,-0.10118,-3.04458
53.45967,53.46802,0.07659,-0.10283,-3.04566
53.62973,53.62957,0.07483,-0.10517,-3.04405
53.79542,53.80022,0.07342,-0.10292,-3.04251
53.96013,53.95848,0.07483,-0.10034,-3.03942
54.12678,54.12671,0.07849,-0.10229,-3.03747
54.29381,54.29543,0.07836,-0.10541,-3.03619
54.46139,54.45838,0.07617,-0.10531,-3.03647
54.63366,54.63631,0.07598,-0.10588,-3.04019
54.79394,54.79371,0.07652,-0.10536,-3.05453
54.96280,54.96082,0.07719,-0.09933,-3.07761
55.12826,55.12619,0.07680,-0.09357,-3.10178
55.29839,55.29593,0.07521,-0.09041,-3.12844
55.46195,55.46576,0.06468,-0.07326,3.12292
55.63110,55.62904,0.05500,-0.06138,3.09773
55.79609,55.79471,0.05369,-0.05146,3.07211
55.96179,55.96006,0.05473,-0.04031,3.04607
56.12940,56.13477,0.06298,-0.03305,3.02216
56.29316,56.29125,0.07074,-0.02208,3.00085
56.46326,56.46783,0.08062,-0.01541,2.97966
56.63132,56.63796,0.08755,-0.01011,2.96098
56.82748,56.83311,0.08925,-0.00861,2.94454
56.96349,56.97265,0.09197,-0.01737,2.94709
57.12801,57.12715,0.09441,-0.02366,2.94893
57.29323,57.29439,0.09430,-0.02752,2.95261
57.46012,57.46331,0.08791,-0.03653,2.95604
57.62884,57.62812,0.08103,-0.04464,2.96013
57.79797,57.79257,0.08084,-0.04646,2.96331
57.95989,57.96365,0.08244,-0.05087,2.96675
58.12782,58.12455,0.08197,-0.05205,2.96958
58.29352,58.29080,0.08341,-0.05353,2.97133
58.46267,58.45728,0.08452,-0.05718,2.97379
58.63298,58.63383,0.08663,-0.06386,2.97536
58.79382,58.78926,0.08860,-0.06772,2.97631
58.96287,58.95346,0.08904,-0.06858,2.97870
59.12789,59.15793,0.09080,-0.06878,2.98064
59.31310,59.31099,0.08734,-0.06872,2.98147
59.46310,59.46375,0.08487,-0.06884,2.98309
59.62967,59.63393,0.08549,-0.06783,2.98355
59.79773,59.79817,0.08892,-0.06599,2.98893
59.96025,59.95230,0.08961,-0.06773,2.99017
60.14496,60.14201,0.08851,-0.07049,2.99618
60.29408,60.29678,0.08948,-0.06766,3.00403
60.46207,60.46751,0.09277,-0.06287,3.01776
60.63145,60.62993,0.09582,-0.06130,3.02868
60.79465,60.79788,0.09748,-0.05916,3.03217
60.96400,60.96988,0.09521,-0.05773,3.03395
61.12738,61.12265,0.09428,-0.05622,3.03523
61.29439,61.29103,0.09441,-0.05584,3.03752
61.46147,61.46349,0.09462,-0.05341,3.03833
61.62914,61.62396,0.09222,-0.05158,3.03984
61.80714,61.81226,0.09182,-0.04801,3.04252
61.96069,61.95038,0.09433,-0.04677,3.04456
62.14774,62.14558,0.09436,-0.04885,3.04589
62.29341,62.29576,0.09361,-0.04867,3.04674
62.46180,62.46316,0.09314,-0.04742,3.04907
62.62870,62.63270,0.09321,-0.04947,3.05189
62.79688,62.79763,0.09364,-0.05125,3.05358
62.96311,62.95874,0.09390,-0.05035,3.05517
62.96311,63.20080,0.09832,-0.04508,3.05899
63.13899,63.20080,0.09832,-0.04508,3.05899
63.29718,63.31287,0.09851,-0.04504,3.06102
63.46418,63.46364,0.09669,-0.04461,3.06475
63.63185,63.62809,0.09995,-0.04148,3.08154
63.79638,63.79332,0.10148,-0.03742,3.09741
63.97034,63.97518,0.10263,-0.03479,3.11317
64.12925,64.13344,0.09923,-0.03343,3.12843
64.29927,64.29769,0.09711,-0.02799,-3.13092
64.46848,64.46653,0.09630,-0.02440,-3.10891
64.62931,64.62788,0.09622,-0.02151,-3.08993
64.71839,64.71841,0.09682,-0.02105,-3.07939
64.89427,64.89431,0.09513,-0.01937,-3.05871
65.05618,65.05961,0.09103,-0.01900,-3.03814
65.21832,65.21336,0.08565,-0.01889,-3.01673
65.39058,65.25104,0.08462,-0.01925,-3.01302
65.54500,65.79269,0.08437,-0.01932,-3.01220
65.71253,65.79269,0.08437,-0.01932,-3.01220
65.87624,65.79269,0.08437,-0.01932,-3.01220
66.05872,66.29956,0.08418,-0.01933,-3.01143
66.23637,66.29956,0.08418,-0.01933,-3.01143
66.42710,66.40606,0.08449,-0.01950,-3.00675
66.53864,66.40606,0.08449,-0.01950,-3.00675
66.72986,66.97064,0.08453,-0.01958,-3.00642
66.87341,66.97064,0.08453,-0.01958,-3.00642
67.04608,67.04545,0.08052,-0.02840,-3.01028
67.20170,67.20272,0.07759,-0.05708,-3.03011
67.39157,67.39693,0.07756,-0.05648,-3.03060
67.53245,67.52960,0.07802,-0.06095,-3.03100
67.69850,67.70149,0.08032,-0.06178,-3.03289
67.86855,67.86820,0.07993,-0.06234,-3.03529
68.03399,68.02669,0.07721,-0.06499,-3.03645
68.23973,68.24541,0.07617,-0.07054,-3.03498
68.36002,68.36154,0.07550,-0.07178,-3.03543
68.52673,68.52641,0.07345,-0.07267,-3.03735
68.69195,68.69566,0.07369,-0.07432,-3.03828
68.87669,68.88059,0.07423,-0.08091,-3.03774
69.02626,69.02948,0.07512,-0.08396,-3.03935
69.19175,69.19332,0.07457,-0.08727,-3.04051
69.39300,69.38950,0.07019,-0.08760,-3.04237
69.51858,69.51424,0.07129,-0.08587,-3.04355
69.68725,69.69220,0.07576,-0.08933,-3.04279
69.85285,69.85576,0.07637,-0.08935,-3.04364
70.01756,70.01953,0.07480,-0.08734,-3.04300
70.18371,70.18749,0.07257,-0.08636,-3.04389
70.34774,70.35059,0.07025,-0.09154,-3.04415
70.51370,70.51545,0.07115,-0.09245,-3.04397
70.67990,70.67753,0.07380,-0.09434,-3.04231
70.85021,70.85290,0.06953,-0.09265,-3.04396
71.01270,71.00474,0.07024,-0.09480,-3.04453
71.17877,71.17962,0.07299,-0.09992,-3.04271
71.34402,71.34540,0.07617,-0.10366,-3.04207
71.50795,71.51274,0.07719,-0.10411,-3.04122
71.67301,71.67972,0.07639,-0.10421,-3.04260
71.84000,71.83751,0.07794,-0.10808,-3.04031
72.05848,72.05937,0.07881,-0.11208,-3.03979
72.16850,72.16338,0.07851,-0.10985,-3.03991
72.33788,72.33560,0.08282,-0.11113,-3.03778
72.50019,72.47519,0.08600,-0.11567,-3.03737
72.66836,72.66438,0.08499,-0.11942,-3.03649
72.83271,72.82230,0.08334,-0.11566,-3.03936
73.01086,73.00993,0.08400,-0.11396,-3.04734
73.16215,73.16528,0.08042,-0.11040,-3.06203
73.32727,73.33030,0.07551,-0.10571,-3.07768
73.49334,73.49295,0.07152,-0.10218,-3.09392
73.66415,73.66691,0.06833,-0.09210,-3.11126
73.86089,73.85602,0.06862,-0.08594,-3.12945
73.99394,73.98089,0.06555,-0.08095,-3.14026
74.15669,74.16173,0.06775,-0.08061,3.12825
74.32057,74.32647,0.06908,-0.07474,3.11369
74.48776,74.48348,0.06586,-0.06209,3.09826
74.65787,74.65174,0.06952,-0.05928,3.08286
74.82048,74.82532,0.06817,-0.04985,3.06619
74.98589,74.98056,0.07268,-0.04055,3.05074
75.14991,75.14470,0.08151,-0.03546,3.03822
75.31462,75.31325,0.09388,-0.02858,3.02033
75.47993,75.47973,0.09547,-0.02517,3.00480
75.66245,75.66517,0.09540,-0.02376,2.98769
75.84501,75.84817,0.09382,-0.02681,2.98405
75.97975,75.97846,0.09765,-0.02761,2.98605
76.14469,76.14190,0.09959,-0.02828,2.98746
76.30874,76.30897,0.10023,-0.03170,2.99189
76.47487,76.47741,0.10183,-0.03635,2.99522
76.64098,76.64244,0.10483,-0.03808,2.99790
76.85379,76.85427,0.10501,-0.04216,3.00194
76.97359,76.97532,0.10594,-0.04617,3.00351
77.13928,77.13893,0.10575,-0.04860,3.00786
77.30587,77.30486,0.10507,-0.05082,3.01144
77.50924,77.50711,0.10531,-0.05134,3.01694
77.63337,77.63858,0.10774,-0.05262,3.01953
77.79939,77.79576,0.10918,-0.05296,3.01955
77.97058,77.96929,0.11039,-0.05462,3.02296
78.13137,78.13455,0.11008,-0.05637,3.02523
78.29904,78.30020,0.11325,-0.06024,3.02908
78.46829,78.46411,0.11548,-0.06117,3.03294
78.63362,78.63369,0.11675,-0.06371,3.03707
78.84591,78.84669,0.11828,-0.06614,3.03919
78.84591,79.24809,0.11766,-0.07199,3.04128
79.01390,79.24809,0.11766,-0.07199,3.04128
79.17987,79.24809,0.11766,-0.07199,3.04128
79.34820,79.35779,0.11725,-0.07260,3.04278
79.51379,79.50839,0.11875,-0.07253,3.04521
79.68030,79.68089,0.12047,-0.07226,3.04611
79.84746,79.85045,0.11989,-0.07541,3.04600
80.01225,80.01286,0.12201,-0.07478,3.04682
80.18299,80.18293,0.12332,-0.07516,3.04812
80.35446,80.34854,0.12018,-0.07448,3.04623
80.55701,80.55861,0.11672,-0.07278,3.04681
80.68216,80.68327,0.11405,-0.07509,3.04617
80.84600,80.84348,0.11315,-0.07567,3.04528
81.01175,81.01803,0.11382,-0.07538,3.04394
81.18096,81.17755,0.11072,-0.07385,3.04062
81.35142,81.34406,0.10806,-0.07298,3.03987
81.51412,81.52652,0.10740,-0.07438,3.03817
81.67851,81.68028,0.10731,-0.07590,3.03796
81.84625,81.84151,0.10724,-0.07478,3.04302
82.01187,82.01775,0.11045,-0.07304,3.05782
82.18084,82.18202,0.11113,-0.06979,3.07041
82.35072,82.34925,0.11342,-0.06621,3.08777
82.51191,82.51626,0.11497,-0.06294,3.09755
82.69816,82.69399,0.11396,-0.06010,3.10898
82.84560,82.83894,0.11096,-0.05492,3.12083
83.01199,83.01437,0.10701,-0.04964,3.14090
83.18181,83.17610,0.10630,-0.04653,-3.12174
83.36037,83.35559,0.10239,-0.04418,-3.09878
83.51558,83.51509,0.09831,-0.04250,-3.07833
83.68106,83.68682,0.09516,-0.04073,-3.05675
83.86190,83.85339,0.08902,-0.03970,-3.03901
84.01379,84.01520,0.08979,-0.04287,-3.03670
84.17891,84.14288,0.09067,-0.04367,-3.04086
84.34810,84.23954,0.09088,-0.04374,-3.04105
84.53708,84.23954,0.09088,-0.04374,-3.04105
84.68023,84.90607,0.09103,-0.04379,-3.04124
84.84573,84.90607,0.09103,-0.04379,-3.04124
85.01223,85.01246,0.09369,-0.04820,-3.05134
85.18407,85.18446,0.09436,-0.04903,-3.05277
85.35300,85.34746,0.09335,-0.05055,-3.05511
85.53684,85.53592,0.09034,-0.05149,-3.05622
85.67965,85.68281,0.08948,-0.05175,-3.05689
85.84565,85.84210,0.09028,-0.05440,-3.05799
86.01181,86.01561,0.08838,-0.05772,-3.06098
86.18101,86.20482,0.08686,-0.05958,-3.06086
86.34860,86.35130,0.08857,-0.06081,-3.06129
86.51483,86.50180,0.08670,-0.06172,-3.06262
86.67863,86.68141,0.08566,-0.06255,-3.06395
86.85406,86.84784,0.08245,-0.06320,-3.06603
87.01360,87.00692,0.08288,-0.06452,-3.06515
87.17950,87.18114,0.08475,-0.06633,-3.06659
87.35036,87.35453,0.08443,-0.06710,-3.06801
87.51196,87.51799,0.08278,-0.06978,-3.06839
87.67855,87.67834,0.08330,-0.07125,-3.06865
87.84713,87.84788,0.08343,-0.07142,-3.07042
88.01402,88.01188,0.08275,-0.07112,-3.07419
88.17910,88.18256,0.07978,-0.07185,-3.07573
88.34877,88.35510,0.07896,-0.07177,-3.07492
88.52093,88.52247,0.08118,-0.07279,-3.07550
88.67967,88.67650,0.07818,-0.07244,-3.07901
88.84567,88.84414,0.07409,-0.07556,-3.07904
89.01255,89.00683,0.07521,-0.07668,-3.07824
89.18127,89.17839,0.07984,-0.07653,-3.07665
89.35394,89.35743,0.07886,-0.07746,-3.07924
89.51337,89.51916,0.07540,-0.07971,-3.07902
89.68054,89.68213,0.07395,-0.08057,-3.07999
89.84542,89.84607,0.07342,-0.08213,-3.07986
89.94219,89.93821,0.07383,-0.08201,-3.07870
90.10281,90.10281,0.07130,-0.08083,-3.07895
90.26478,90.26417,0.07014,-0.07928,-3.07931
90.45829,90.46228,0.07154,-0.08093,-3.07774
90.59868,90.59826,0.07152,-0.08144,-3.07833
90.76362,90.76229,0.06960,-0.08260,-3.07859
90.93016,90.93006,0.06771,-0.08225,-3.07898
91.09384,91.09664,0.06803,-0.08358,-3.07775
91.26037,91.25366,0.06759,-0.08608,-3.07822
91.42780,91.43312,0.06509,-0.08765,-3.07936
91.58929,91.59103,0.06327,-0.08881,-3.07813
91.75491,91.74418,0.06652,-0.08892,-3.07662
91.96490,91.96749,0.06603,-0.09013,-3.07880
92.08705,92.08390,0.06439,-0.09021,-3.07982
92.25311,92.25770,0.06200,-0.08732,-3.08117
92.41966,92.41780,0.06393,-0.08835,-3.07987
92.58518,92.58448,0.06590,-0.09050,-3.07926
92.78018,92.77824,0.06551,-0.08961,-3.07936
92.91336,92.91920,0.06632,-0.09003,-3.07945
93.08333,93.08885,0.06916,-0.09159,-3.07738
93.24966,93.24815,0.07031,-0.09470,-3.07848
93.41084,93.41945,0.06735,-0.09621,-3.07875
93.58004,93.58513,0.06214,-0.09434,-3.07819
93.75909,93.76277,0.06178,-0.09509,-3.07615
93.90793,93.90559,0.06351,-0.09451,-3.07521
94.12518,94.12037,0.06106,-0.09302,-3.07795
94.23776,94.24183,0.06223,-0.09509,-3.07829
94.40578,94.40517,0.06602,-0.09623,-3.07642
94.60382,94.59697,0.06715,-0.09707,-3.07781
94.74191,94.73607,0.06268,-0.09697,-3.07884
94.90685,94.91163,0.06006,-0.09447,-3.07830
94.90685,95.40268,0.05997,-0.09857,-3.07938
95.07542,95.40268,0.05997,-0.09857,-3.07938
95.23580,95.40268,0.05997,-0.09857,-3.07938
95.40094,95.40268,0.05997,-0.09857,-3.07938
95.56820,95.56431,0.05547,-0.09997,-3.08075
95.73711,95.73636,0.05597,-0.10246,-3.07966
95.89866,95.90437,0.05908,-0.10196,-3.07888
96.10683,96.10692,0.05486,-0.09903,-3.08334
96.23012,96.22652,0.05316,-0.10051,-3.08289
96.42734,96.42115,0.05482,-0.10302,-3.08057
96.55983,96.55837,0.05551,-0.10246,-3.08109
96.72724,96.73187,0.05433,-0.10141,-3.08417
96.93014,96.90733,0.05362,-0.09991,-3.08455
97.05914,97.05646,0.05844,-0.10167,-3.08241
97.22362,97.22377,0.06236,-0.10149,-3.08331
97.39107,97.39384,0.05831,-0.09481,-3.08631
97.55751,97.56238,0.05991,-0.09511,-3.08498
97.72245,97.72026,0.06392,-0.10061,-3.08402
97.88867,97.88934,0.06426,-0.10312,-3.08374
98.05083,98.03966,0.06259,-0.10427,-3.08418
98.21798,98.22271,0.05760,-0.10257,-3.08551
98.38560,98.38664,0.05825,-0.10241,-3.08396
98.54706,98.53953,0.05990,-0.10353,-3.08344
98.71574,98.71263,0.05823,-0.10547,-3.08554
98.87936,98.87898,0.04917,-0.10168,-3.09033
99.04440,99.04599,0.05223,-0.10234,-3.08584
99.21053,99.21197,0.05666,-0.10422,-3.08651
99.37638,99.37876,0.05794,-0.10135,-3.08781
99.54064,99.53664,0.05967,-0.10087,-3.08969
99.70945,99.72839,0.06218,-0.10519,-3.08831
99.87361,99.86759,0.06253,-0.10677,-3.08865
100.03691,100.03633,0.06012,-0.10567,-3.08910
100.20415,100.21035,0.05820,-0.10436,-3.09010
100.36935,100.36983,0.05547,-0.10533,-3.09113
100.53626,100.53594,0.05792,-0.10950,-3.09012
100.70523,100.69919,0.05898,-0.11116,-3.09106
100.86623,100.85166,0.05630,-0.10659,-3.09198
101.03092,101.03596,0.05719,-0.10752,-3.09197
101.19919,101.18869,0.05961,-0.11029,-3.09169
101.41821,101.40644,0.05662,-0.10918,-3.09266
101.52681,101.53206,0.05439,-0.10801,-3.09292
101.69281,101.68870,0.05533,-0.11105,-3.09107
101.85857,101.85744,0.05673,-0.11282,-3.09142
102.03565,102.02756,0.05720,-0.11006,-3.09155
102.19317,102.19173,0.05861,-0.10859,-3.08960
102.35673,102.36108,0.06004,-0.10900,-3.08880
102.52825,102.52760,0.06121,-0.10803,-3.09388
102.68829,102.67904,0.06209,-0.10610,-3.10802
102.85591,102.86022,0.05803,-0.09818,-3.13225
103.02263,103.02483,0.05828,-0.09479,3.13222
103.19020,103.18854,0.05966,-0.08672,3.11254
103.35986,103.36602,0.06539,-0.07495,3.09658
103.52973,103.52639,0.07380,-0.07262,3.07720
103.68967,103.69165,0.07716,-0.06586,3.06025
103.85140,103.84786,0.08182,-0.06337,3.04504
104.01821,104.01927,0.08210,-0.06212,3.03284
104.18638,104.18896,0.08226,-0.06232,3.03183
104.37553,104.37838,0.08439,-0.06508,3.03159
104.55136,104.54844,0.08609,-0.06627,3.03353
104.68528,104.67941,0.08675,-0.06709,3.03344
104.85250,104.84847,0.08856,-0.06629,3.02649
105.03733,105.04009,0.09314,-0.07183,3.02018
105.18684,105.18915,0.09637,-0.07387,3.01481
105.35227,105.37453,0.09626,-0.07341,3.00632
105.54714,105.54951,0.09714,-0.07449,2.99094
105.68808,105.68964,0.09698,-0.07844,2.97608
105.85160,105.86383,0.09683,-0.08230,2.97035
106.01795,106.01860,0.09845,-0.08631,2.96888
106.18782,106.18923,0.09639,-0.08605,2.97074
106.35312,106.34888,0.09608,-0.08768,2.97329
106.54311,106.53930,0.09816,-0.09242,2.97518
106.68440,106.68962,0.09904,-0.09395,2.97626
106.85156,106.84907,0.09522,-0.09536,2.97620
107.01765,107.01944,0.09102,-0.09487,2.97960
107.18721,107.19201,0.08725,-0.09854,2.97989
107.37630,107.37893,0.08308,-0.09974,2.98142
107.51883,107.51897,0.08271,-0.09690,2.98306
107.68430,107.67938,0.08220,-0.09662,2.98377
107.85094,107.84896,0.08217,-0.09822,2.98470
108.01994,108.02248,0.08377,-0.09993,2.98571
108.18879,108.18947,0.08326,-0.10008,2.98565
108.36675,108.36904,0.08289,-0.10088,2.98629
108.51689,108.51866,0.08388,-0.10127,2.98751
108.70337,108.69915,0.08044,-0.09912,2.98860
108.85428,108.85936,0.07963,-0.09377,3.00120
108.85428,109.57880,0.09306,-0.07095,3.11518
109.02275,109.57880,0.09306,-0.07095,3.11518
109.21066,109.57880,0.09306,-0.07095,3.11518
109.37064,109.57880,0.09306,-0.07095,3.11518
109.52036,109.57880,0.09306,-0.07095,3.11518
109.68994,109.68605,0.09244,-0.06566,3.13452
109.85722,109.85622,0.08845,-0.06302,-3.12065
110.02344,110.01706,0.08272,-0.06095,-3.09329
110.19054,110.18532,0.07811,-0.06129,-3.06570
110.35376,110.35545,0.07449,-0.06035,-3.04361
110.53415,110.53542,0.06691,-0.05563,-3.01143
110.68719,110.68613,0.06385,-0.05563,-2.98920
110.86942,110.86570,0.06374,-0.05595,-2.97262
111.02620,111.02638,0.06182,-0.05700,-2.96972
111.19623,111.19571,0.05795,-0.05836,-2.97192
111.35749,111.35490,0.05492,-0.06066,-2.97415
111.52074,111.52537,0.05413,-0.06066,-2.97578
111.68971,111.68447,0.05383,-0.06271,-2.98069
111.85726,111.85431,0.05457,-0.06750,-2.98447
112.02419,112.02631,0.05489,-0.07237,-2.98570
112.19370,112.19556,0.05840,-0.07848,-2.98794
112.35372,112.35536,0.05631,-0.07980,-2.99230
112.52356,112.52609,0.05762,-0.08459,-2.99067
112.69136,112.69519,0.06194,-0.09035,-2.99183
112.85617,112.85447,0.06333,-0.09198,-2.99543
113.02425,113.02573,0.06058,-0.09301,-2.99870
113.20666,113.20410,0.06009,-0.09704,-2.99732
113.35622,113.35490,0.06055,-0.10126,-2.99777
113.52081,113.52678,0.06004,-0.10313,-2.99854
113.68818,113.68596,0.05653,-0.10328,-2.99994
113.85396,113.85634,0.05426,-0.10654,-3.00066
114.02357,114.02580,0.05171,-0.11049,-3.00143
114.19242,114.19606,0.05010,-0.11402,-3.00328
114.35467,114.35437,0.04724,-0.11442,-3.00351
114.52118,114.52572,0.04898,-0.11455,-3.00289
114.68722,114.68497,0.05219,-0.11694,-3.00416
114.77494,114.77624,0.05238,-0.11889,-3.00466
114.94178,114.94513,0.05297,-0.12259,-3.00461
115.11088,115.11513,0.05140,-0.12417,-3.00618
115.27673,115.27606,0.05431,-0.12595,-3.00533
115.43842,115.43438,0.05559,-0.12985,-3.00589
115.61141,115.61505,0.05636,-0.13563,-3.00413
115.77086,115.76905,0.05712,-0.13927,-3.00386
115.93527,115.93445,0.05644,-0.14318,-3.00458
116.14243,116.14475,0.05456,-0.14716,-3.01232
116.26859,116.26554,0.05215,-0.14650,-3.02098
116.43162,116.43516,0.05340,-0.14447,-3.03396
116.61746,116.61489,0.05475,-0.14235,-3.04965
116.76213,116.76451,0.05055,-0.13712,-3.05798
116.92782,116.92662,0.05358,-0.13714,-3.05933
117.09390,117.09557,0.05685,-0.13707,-3.05978
117.26105,117.26495,0.05637,-0.13703,-3.06111
117.42914,117.42595,0.05438,-0.13679,-3.05891
117.59126,117.58463,0.05505,-0.13837,-3.05805
117.75685,117.75532,0.05616,-0.13912,-3.05687
117.92151,117.92607,0.05825,-0.14026,-3.05773
118.08821,118.08532,0.05874,-0.13998,-3.06511
118.25696,118.25862,0.05733,-0.13796,-3.08013
118.42122,118.42551,0.05387,-0.12665,-3.10313
118.64800,118.64553,0.04641,-0.10731,-3.13484
118.74914,118.74563,0.04616,-0.10113,3.13367
118.91519,118.91489,0.05046,-0.09371,3.11094
119.08325,119.08496,0.05440,-0.08088,3.08667
119.24618,119.24521,0.05626,-0.07313,3.06163
119.41317,119.41499,0.05793,-0.06543,3.03709
119.57916,119.57566,0.06102,-0.05695,3.01626
119.74287,119.74533,0.06273,-0.05859,3.00108
119.90799,119.90548,0.06157,-0.06202,2.99060
120.07884,120.07588,0.06276,-0.06283,2.99100
120.24267,120.24070,0.06689,-0.06372,2.99302
120.40915,120.40376,0.06895,-0.06796,2.99653
120.57368,120.57643,0.06876,-0.07269,3.00047
120.73635,120.73373,0.06937,-0.07577,3.00405
120.90198,120.90497,0.07176,-0.07715,3.00683
121.08073,121.08496,0.07385,-0.08098,3.00934
121.23821,121.23429,0.07576,-0.08230,3.01324
121.40012,121.40479,0.07641,-0.08259,3.01421
121.58240,121.58494,0.07735,-0.08422,3.01953
121.73013,121.72646,0.07923,-0.08519,3.02404
121.93003,121.92610,0.08349,-0.08749,3.02738
122.06218,122.06510,0.08433,-0.08789,3.03017
122.23220,122.23468,0.08276,-0.08922,3.03236
122.39466,122.39405,0.08486,-0.09216,3.03613
122.55888,122.55390,0.08382,-0.09385,3.03768
122.72318,122.72658,0.08204,-0.09655,3.03994
122.89030,122.89553,0.07947,-0.09808,3.04167
123.06056,123.06491,0.07795,-0.09720,3.04532
123.23530,123.23475,0.08137,-0.09741,3.04936
123.38625,123.38468,0.08157,-0.09855,3.04957
123.55583,123.55491,0.07866,-0.10058,3.05109
123.71763,123.71422,0.07918,-0.10032,3.05368
123.88441,123.88500,0.08354,-0.09875,3.05983
124.05036,124.05453,0.08274,-0.10066,3.05983
124.22837,124.22706,0.08239,-0.10239,3.06146
124.37881,124.37666,0.08145,-0.10181,3.06349
124.57992,124.57692,0.08342,-0.09987,3.06678
124.71154,124.71446,0.08350,-0.10022,3.06815
124.87849,124.87670,0.08150,-0.10166,3.06570
124.87849,125.78502,0.06907,-0.12013,3.01394
125.06724,125.78502,0.06907,-0.12013,3.01394
125.21183,125.78502,0.06907,-0.12013,3.01394
125.41721,125.78502,0.06907,-0.12013,3.01394
125.54211,125.78502,0.06907,-0.12013,3.01394
125.71006,125.78502,0.06907,-0.12013,3.01394
125.87580,125.87455,0.07100,-0.11883,3.01563
126.04044,126.04467,0.07099,-0.11557,3.01670
126.20653,126.20408,0.06717,-0.11562,3.01695
126.38641,126.38872,0.06480,-0.11497,3.01815
126.53399,126.53511,0.06354,-0.11271,3.01915
126.70503,126.70693,0.06280,-0.10913,3.02094
126.92180,126.92482,0.06007,-0.10755,3.02222
127.03267,127.03501,0.06057,-0.10826,3.02287
127.24542,127.24487,0.05702,-0.10568,3.02461
127.36636,127.36866,0.05582,-0.10493,3.03374
127.53068,127.53459,0.05779,-0.09832,3.05681
127.70678,127.70517,0.05746,-0.09327,3.08077
127.86544,127.86590,0.06328,-0.08741,3.11261
128.04097,128.04579,0.06553,-0.08259,3.13953
128.23666,128.23498,0.06641,-0.07364,-3.10845
128.36055,128.35510,0.06534,-0.06821,-3.08947
128.56580,128.56738,0.06221,-0.06394,-3.05237
128.69405,128.69369,0.05887,-0.06135,-3.03145
128.86043,128.86325,0.05325,-0.06003,-3.00619
129.02699,129.02485,0.04991,-0.05700,-2.98323
129.23532,129.22978,0.04636,-0.05537,-2.97333
129.35911,129.35368,0.04551,-0.05550,-2.97116
129.52518,129.52370,0.04697,-0.05670,-2.96906
129.69354,129.69343,0.04675,-0.05793,-2.96982
129.86092,129.85423,0.04256,-0.06173,-2.96967
130.02796,130.02438,0.04002,-0.06346,-2.96976
130.22839,130.22398,0.04061,-0.06366,-2.97032
130.36148,130.36861,0.03891,-0.06219,-2.97099
130.53607,130.53437,0.03506,-0.06530,-2.97233
130.69260,130.69419,0.03448,-0.07066,-2.97604
130.86673,130.86653,0.03428,-0.07565,-2.97867
131.02644,131.02436,0.03714,-0.07930,-2.98125
131.21944,131.21663,0.04219,-0.08468,-2.98509
131.35904,131.35406,0.04409,-0.08807,-2.98489
131.52883,131.52451,0.04572,-0.09245,-2.98635
131.69436,131.69449,0.04532,-0.09352,-2.98911
131.88520,131.88741,0.04208,-0.09536,-2.99272
132.02586,132.02438,0.04054,-0.10008,-2.99371
132.19226,132.19554,0.04107,-0.10491,-2.99438
132.35852,132.35394,0.04119,-0.10604,-2.99463
132.52876,132.52464,0.03927,-0.10908,-2.99560
132.69257,132.69466,0.03754,-0.11456,-2.99566
132.87956,132.87421,0.03623,-0.11946,-2.99669
133.02952,133.02601,0.03424,-0.12185,-2.99848
133.19341,133.19429,0.03188,-0.12476,-2.99883
133.36166,133.35491,0.03183,-0.12745,-2.99850
133.53115,133.53433,0.03452,-0.12927,-2.99768
133.69280,133.69519,0.03687,-0.13329,-2.99677
133.89242,133.88503,0.03904,-0.13646,-2.99655
134.02760,134.02514,0.03650,-0.13516,-3.00782
134.20360,134.20460,0.03595,-0.13306,-3.02996
134.37357,134.37636,0.03567,-0.13019,-3.05570
134.52536,134.52820,0.03461,-0.12440,-3.07813
134.69500,134.69414,0.03907,-0.12510,-3.09615
134.86172,134.86691,0.03745,-0.11771,-3.10886
135.02604,135.02752,0.03825,-0.11658,-3.10825
135.20135,135.20506,0.04127,-0.11860,-3.10752
135.35851,135.35584,0.04067,-0.11924,-3.10819
135.52837,135.52417,0.04044,-0.11854,-3.11166
135.69696,135.69230,0.03873,-0.11567,-3.11974
135.86168,135.86499,0.04144,-0.11758,-3.12751
136.02723,136.02442,0.04249,-0.11362,-3.13722
136.19235,136.19398,0.03924,-0.11021,3.13257
136.35952,136.35520,0.04165,-0.11000,3.12509
136.52669,136.52451,0.04531,-0.10416,3.11740
136.69221,136.69454,0.04739,-0.10189,3.10768
136.86021,136.86587,0.04800,-0.10366,3.09419
137.02565,137.02442,0.05050,-0.10001,3.07859
137.19499,137.19366,0.05525,-0.09547,3.06457
137.35881,137.35514,0.05716,-0.09557,3.05021
137.52519,137.52496,0.05731,-0.09438,3.03458
137.69277,137.69357,0.06167,-0.09275,3.02011
137.87272,137.87382,0.06626,-0.09694,3.00465
138.02864,138.02429,0.06508,-0.09642,2.99213
138.19205,138.19378,0.06715,-0.09530,2.98098
138.35908,138.35361,0.07323,-0.10092,2.97205
138.52518,138.52421,0.07430,-0.10621,2.96352
138.69296,138.69402,0.07467,-0.11170,2.96506
138.86244,138.86518,0.07383,-0.11327,2.96747
139.04865,139.04389,0.07770,-0.11672,2.97119
139.19256,139.19307,0.08020,-0.11844,2.97190
139.35907,139.35418,0.07514,-0.11991,2.97258
139.52532,139.52406,0.07190,-0.12228,2.97475
139.69236,139.69381,0.07250,-0.12427,2.97614
139.86203,139.90249,0.07453,-0.12380,2.97914
139.94740,139.95105,0.07408,-0.12633,2.97847
140.11309,140.11645,0.07020,-0.13052,2.97756
140.29539,140.27479,0.06669,-0.13307,2.97694
140.44612,140.42412,0.06654,-0.13398,2.97963
140.62613,140.59370,0.06642,-0.13224,2.98208
140.77427,140.74411,0.06449,-0.13362,2.98150
140.94081,140.90495,0.06105,-0.13388,2.98237
141.10556,141.16598,0.06066,-0.13406,2.98305
141.10556,141.96767,0.05966,-0.13437,2.98923
141.27057,141.96767,0.05966,-0.13437,2.98923
141.45876,141.96767,0.05966,-0.13437,2.98923
141.59714,141.96767,0.05966,-0.13437,2.98923
141.76352,141.96767,0.05966,-0.13437,2.98923
141.94898,141.96767,0.05966,-0.13437,2.98923
142.09897,142.13153,0.05822,-0.13285,2.99806
142.26282,142.27483,0.05723,-0.13146,3.01270
142.43630,142.44619,0.05540,-0.12821,3.03068
142.59208,142.59649,0.05407,-0.11697,3.06767
142.75659,142.75428,0.05026,-0.10786,3.08890
142.92394,142.92462,0.05305,-0.09934,3.11394
143.09093,143.09553,0.05265,-0.09537,3.13770
143.30495,143.30462,0.06013,-0.08620,-3.11734
143.42008,143.42451,0.06317,-0.08207,-3.11232
143.62194,143.62538,0.06013,-0.08238,-3.11006
143.75252,143.75415,0.05958,-0.08046,-3.10784
143.91923,143.91526,0.05866,-0.08027,-3.10744
144.08695,144.08423,0.05398,-0.08311,-3.10804
144.25084,144.25492,0.05058,-0.08443,-3.10782
144.45896,144.45423,0.05013,-0.08189,-3.10381
144.58032,144.58481,0.04997,-0.07983,-3.09403
144.74527,144.74614,0.05095,-0.07652,-3.07214
144.90912,144.90402,0.05023,-0.07359,-3.05080
145.07744,145.07343,0.04838,-0.07184,-3.04038
145.24074,145.24555,0.04822,-0.07192,-3.03596
145.40748,145.40512,0.04755,-0.07510,-3.03584
145.57373,145.57455,0.04369,-0.07601,-3.03575
145.73926,145.73502,0.03958,-0.07668,-3.03477
145.90630,145.90519,0.03650,-0.07826,-3.03394
146.10048,146.09973,0.03208,-0.07944,-3.02428
146.23391,146.23450,0.03058,-0.07905,-3.00825
146.40550,146.40555,0.03014,-0.08153,-3.00290
146.59245,146.59735,0.02752,-0.08258,-3.00005
146.73089,146.73492,0.02726,-0.08388,-3.00288
146.90263,146.90480,0.02720,-0.08647,-3.00280
147.06689,146.98553,0.02781,-0.08765,-3.00352
147.26681,146.98553,0.02781,-0.08765,-3.00352
147.44233,146.98553,0.02781,-0.08765,-3.00352
147.56010,146.98553,0.02781,-0.08765,-3.00352
147.72944,146.98553,0.02781,-0.08765,-3.00352
147.90097,146.98553,0.02781,-0.08765,-3.00352
148.10707,146.98553,0.02781,-0.08765,-3.00352
148.22085,146.98553,0.02781,-0.08765,-3.00352
148.38932,149.61839,0.02791,-0.08764,-3.00357
148.55266,149.61839,0.02791,-0.08764,-3.00357
148.73090,149.61839,0.02791,-0.08764,-3.00357
148.89288,149.61839,0.02791,-0.08764,-3.00357
149.10087,149.61839,0.02791,-0.08764,-3.00357
149.22144,149.61839,0.02791,-0.08764,-3.00357
149.38051,149.61839,0.02791,-0.08764,-3.00357
149.54639,149.61839,0.02791,-0.08764,-3.00357
149.71184,149.61839,0.02791,-0.08764,-3.00357
149.88689,149.61839,0.02791,-0.08764,-3.00357
150.09697,149.61839,0.02791,-0.08764,-3.00357
150.20973,149.61839,0.02791,-0.08764,-3.00357
150.37433,149.61839,0.02791,-0.08764,-3.00357
150.54854,149.61839,0.02791,-0.08764,-3.00357
150.70463,149.61839,0.02791,-0.08764,-3.00357
150.89897,151.96468,0.02803,-0.08770,-3.00364
151.03638,151.96468,0.02803,-0.08770,-3.00364
151.21688,151.96468,0.02803,-0.08770,-3.00364
151.36753,151.96468,0.02803,-0.08770,-3.00364
151.53330,151.96468,0.02803,-0.08770,-3.00364
151.70275,151.96468,0.02803,-0.08770,-3.00364
151.86485,151.96468,0.02803,-0.08770,-3.00364
152.08345,151.96470,0.02864,-0.08813,-3.00391
152.19740,151.96470,0.02864,-0.08813,-3.00391
152.36440,152.57721,0.02879,-0.08835,-3.00401
152.53375,152.57721,0.02879,-0.08835,-3.00401
152.74055,152.59074,0.02833,-0.09044,-3.00487
152.85857,152.59074,0.02833,-0.09044,-3.00487
153.07611,152.59074,0.02833,-0.09044,-3.00487
153.21492,152.59074,0.02833,-0.09044,-3.00487
153.35835,154.00334,0.02821,-0.09067,-3.00505
153.53127,154.00334,0.02821,-0.09067,-3.00505
153.69228,154.00334,0.02821,-0.09067,-3.00505
153.90090,154.00334,0.02821,-0.09067,-3.00505
154.02543,154.04354,0.02839,-0.09244,-3.00584
154.18909,154.07014,0.02814,-0.09517,-3.00745
154.36005,154.07014,0.02814,-0.09517,-3.00745
154.52439,154.07014,0.02814,-0.09517,-3.00745
154.72769,154.07014,0.02814,-0.09517,-3.00745
154.89485,154.07014,0.02814,-0.09517,-3.00745
155.02238,154.07014,0.02814,-0.09517,-3.00745
155.19140,156.17564,0.02789,-0.09544,-3.00773
155.35581,156.17564,0.02789,-0.09544,-3.00773
155.52599,156.17564,0.02789,-0.09544,-3.00773
155.69621,156.17564,0.02789,-0.09544,-3.00773
155.88241,156.17564,0.02789,-0.09544,-3.00773
156.04986,156.17564,0.02789,-0.09544,-3.00773
156.18925,156.18910,0.02679,-0.09743,-3.01003
156.35934,156.18910,0.02679,-0.09743,-3.01003
156.52317,156.18910,0.02679,-0.09743,-3.01003
156.69522,156.18910,0.02679,-0.09743,-3.01003
156.88715,156.18910,0.02679,-0.09743,-3.01003
157.04090,157.62866,0.02679,-0.09767,-3.01025
157.04090,157.69520,0.02839,-0.10264,-3.01080
157.23680,157.69520,0.02839,-0.10264,-3.01080
157.37213,157.69520,0.02839,-0.10264,-3.01080
157.54505,157.69520,0.02839,-0.10264,-3.01080
157.70998,157.69522,0.02943,-0.10425,-3.01187
157.87418,157.81504,0.03216,-0.10566,-3.01401
158.03996,157.81504,0.03216,-0.10566,-3.01401
158.20560,157.81504,0.03216,-0.10566,-3.01401
158.37607,157.81504,0.03216,-0.10566,-3.01401
158.56057,159.04110,0.03231,-0.10574,-3.01405
158.72919,159.04110,0.03231,-0.10574,-3.01405
158.87837,159.04110,0.03231,-0.10574,-3.01405
159.05624,159.04113,0.03266,-0.10689,-3.01437
159.20614,159.14811,0.03154,-0.10906,-3.01669
159.37488,159.14811,0.03154,-0.10906,-3.01669
159.54282,159.14811,0.03154,-0.10906,-3.01669
159.70780,159.14811,0.03154,-0.10906,-3.01669
159.89352,160.36084,0.03138,-0.10924,-3.01685
160.04255,160.36084,0.03138,-0.10924,-3.01685
160.20757,160.36084,0.03138,-0.10924,-3.01685
160.37853,160.36105,0.03023,-0.10937,-3.01740
160.54264,160.50739,0.02758,-0.11043,-3.01714
160.72438,160.50739,0.02758,-0.11043,-3.01714
160.89007,160.50739,0.02758,-0.11043,-3.01714
161.03911,160.50739,0.02758,-0.11043,-3.01714
161.20578,160.50739,0.02758,-0.11043,-3.01714
161.37467,160.50739,0.02758,-0.11043,-3.01714
161.54713,160.50739,0.02758,-0.11043,-3.01714
161.70958,162.70653,0.02741,-0.11060,-3.01699
161.87359,162.70653,0.02741,-0.11060,-3.01699
162.04062,162.70653,0.02741,-0.11060,-3.01699
162.20976,162.70653,0.02741,-0.11060,-3.01699
162.38386,162.70653,0.02741,-0.11060,-3.01699
162.56155,162.70653,0.02741,-0.11060,-3.01699
162.70562,162.70653,0.02741,-0.11060,-3.01699
162.88866,162.94650,0.02684,-0.11269,-3.01641
163.03953,162.99980,0.02648,-0.11431,-3.01711
163.22217,162.99980,0.02648,-0.11431,-3.01711
163.37377,162.99980,0.02648,-0.11431,-3.01711
163.54311,164.07309,0.02634,-0.11438,-3.01725
163.70862,164.07309,0.02634,-0.11438,-3.01725
163.87368,164.07309,0.02634,-0.11438,-3.01725
164.04337,164.07309,0.02634,-0.11438,-3.01725
164.20607,164.21609,0.02619,-0.11729,-3.01777
164.37373,164.38479,0.02598,-0.12343,-3.01780
164.56195,164.54174,0.02176,-0.12861,-3.02251
164.70651,164.67531,0.02552,-0.12993,-3.02057
164.87800,164.88502,0.02553,-0.14209,-3.01928
164.96648,164.99568,0.02520,-0.14380,-3.01940
165.21462,165.17582,0.02200,-0.15908,-2.99172
165.29106,165.29531,0.02204,-0.15916,-2.99160
165.46038,165.45867,0.02011,-0.16971,-2.99189
165.62705,165.61163,0.02093,-0.17447,-2.99013
165.78798,165.79066,0.02515,-0.18611,-2.98991
165.95797,165.96046,0.02187,-0.18964,-2.99217
166.12046,166.12164,0.02011,-0.18898,-2.99211
166.31927,166.32098,0.02466,-0.19516,-2.98977
166.49354,166.49069,0.02706,-0.19921,-2.98978
166.61761,166.62166,0.02804,-0.20293,-2.98918
166.78128,166.78328,0.02789,-0.20666,-2.98862
166.99022,166.99039,0.03040,-0.21387,-2.98550
167.11238,167.11097,0.03284,-0.21448,-2.98987
167.27941,167.28106,0.03366,-0.21230,-3.01283
167.49337,167.49032,0.03165,-0.20054,-3.05794
167.61020,167.61065,0.03174,-0.18935,-3.08562
167.77593,167.77103,0.03083,-0.17303,-3.12988
167.98525,167.98242,0.04176,-0.15640,3.10158
168.10608,168.11139,0.04732,-0.14187,3.07239
168.31977,168.32115,0.05938,-0.13979,3.05550
168.43894,168.44083,0.05880,-0.14219,3.05715
168.60239,168.60079,0.05673,-0.14245,3.05945
168.77431,168.77057,0.05797,-0.13848,3.06257
168.94732,168.95105,0.06092,-0.13681,3.06397
169.10508,169.10131,0.06144,-0.14085,3.06463
169.27322,169.27144,0.06423,-0.14082,3.06675
169.43278,169.43911,0.06791,-0.13900,3.06932
169.59605,169.59108,0.06625,-0.14002,3.07080
169.76562,169.76075,0.06530,-0.14310,3.07209
169.98071,169.97071,0.06613,-0.14430,3.07214
170.09445,170.09154,0.06660,-0.14393,3.07367
170.26384,170.26202,0.06546,-0.14573,3.07511
170.42784,170.43422,0.06764,-0.14805,3.07653
170.59076,170.59144,0.06905,-0.14664,3.07879
170.75699,170.76156,0.06863,-0.14807,3.08030
170.92351,170.92089,0.06755,-0.14881,3.08240
171.08640,171.08330,0.06679,-0.14780,3.08329
171.29021,171.29137,0.06576,-0.14770,3.08740
171.42005,171.42179,0.06560,-0.14914,3.08824
171.58485,171.58478,0.06489,-0.14847,3.08984
171.77514,171.77165,0.06428,-0.14677,3.09128
171.94609,171.94160,0.06416,-0.14683,3.09322
172.09718,172.10087,0.06750,-0.14922,3.09659
172.28548,172.28336,0.06924,-0.15132,3.09793
172.41439,172.41133,0.06765,-0.15206,3.09885
172.58048,172.58182,0.06787,-0.15451,3.09857
172.74787,172.75069,0.07146,-0.15693,3.09350
172.90957,172.83081,0.07274,-0.15764,3.09070
173.08761,172.83081,0.07274,-0.15764,3.09070
173.08761,173.09063,0.07193,-0.15789,3.07833
173.25410,173.25029,0.07182,-0.16035,3.07310
173.44340,173.44016,0.07417,-0.16218,3.06938
173.61756,173.62116,0.07359,-0.16274,3.06952
173.77689,173.78154,0.07043,-0.16420,3.06956
173.91627,173.91098,0.07076,-0.16407,3.07231
174.08123,174.08081,0.07287,-0.16269,3.07561
174.24597,174.25067,0.07407,-0.16183,3.07782
174.41252,174.41095,0.07384,-0.16072,3.07955
174.57791,174.58141,0.07696,-0.16080,3.08233
174.74921,174.75149,0.07815,-0.15967,3.08486
174.92000,174.92328,0.07807,-0.15891,3.08674
175.07374,175.07066,0.07654,-0.15692,3.08757
175.24218,175.24083,0.07649,-0.15600,3.09115
175.40629,175.41106,0.07583,-0.15402,3.09302
175.57428,175.57475,0.07337,-0.15546,3.09288
175.73769,175.74036,0.07344,-0.15723,3.09420
175.90383,175.90074,0.07323,-0.16014,3.09639
176.06724,176.06165,0.07327,-0.16130,3.09742
176.23857,176.24237,0.07220,-0.16127,3.09740
176.40325,176.40142,0.07186,-0.15692,3.09856
176.60599,176.60084,0.07152,-0.15596,3.10169
176.72972,176.73136,0.06910,-0.15752,3.10116
176.89682,176.89997,0.06373,-0.15671,3.10185
177.06090,177.06084,0.06191,-0.15529,3.10325
177.22609,177.22274,0.06553,-0.15348,3.10711
177.39613,177.39198,0.06426,-0.15422,3.10778
177.56904,177.57333,0.06149,-0.15658,3.10670
177.73224,177.73061,0.06098,-0.15431,3.10748
177.88834,177.89256,0.06196,-0.15233,3.11148
178.06547,178.06200,0.06140,-0.15491,3.10985
178.24856,178.25076,0.06252,-0.15567,3.11096
178.39523,178.39113,0.06655,-0.15389,3.11317
178.55889,178.56058,0.06889,-0.15129,3.11608
178.72373,178.72916,0.06810,-0.15252,3.11619
178.88970,178.89071,0.06691,-0.15199,3.12025
179.09605,179.09166,0.06978,-0.14820,3.13356
179.22478,179.22324,0.06985,-0.14549,-3.13463
179.42984,179.43164,0.06513,-0.14456,-3.11067
179.58655,179.59192,0.05838,-0.13922,-3.09229
179.75876,179.76117,0.05224,-0.13586,-3.07197
179.88866,179.89083,0.04783,-0.13702,-3.05722
180.05511,180.05280,0.04298,-0.13925,-3.04206
180.25539,180.25113,0.03748,-0.13935,-3.02655
180.39270,180.39134,0.03748,-0.13827,-3.02802
180.55660,180.56103,0.04128,-0.13554,-3.02931
180.72288,180.72389,0.03967,-0.13530,-3.02916
180.89173,180.89148,0.03600,-0.13812,-3.02904
181.05531,181.05170,0.03312,-0.14142,-3.02618
181.23184,181.23151,0.03060,-0.14253,-3.01555
181.39089,181.39185,0.02200,-0.14537,-3.00131
181.55531,181.55127,0.02219,-0.14917,-2.98839
181.74531,181.74035,0.02440,-0.15613,-2.97885
181.89134,181.89095,0.02423,-0.15918,-2.97709
182.05637,182.06052,0.02449,-0.15852,-2.97681
182.23664,182.24000,0.02731,-0.16228,-2.97718
182.38941,182.39142,0.03026,-0.16656,-2.97735
182.58148,182.58110,0.03059,-0.16661,-2.97729
182.72200,182.71602,0.02989,-0.16735,-2.97740
182.88817,182.94295,0.02987,-0.16747,-2.97747
183.06783,183.02277,0.02973,-0.16907,-2.97819
183.22198,183.26283,0.02955,-0.16918,-2.97830
183.38974,183.46765,0.02926,-0.17038,-2.97957
183.55631,183.56096,0.02588,-0.18284,-2.97949
183.72129,183.72402,0.02500,-0.18514,-2.97836
183.88884,183.89133,0.02621,-0.18693,-2.97710
184.05483,184.05059,0.02202,-0.18874,-2.97701
184.22188,184.22222,0.02017,-0.19244,-2.97472
184.42258,184.42077,0.02230,-0.19280,-2.98027
184.55503,184.55032,0.02536,-0.19158,-3.00547
184.72256,184.72245,0.03105,-0.18581,-3.04334
184.88964,184.89139,0.03391,-0.17766,-3.08484
185.05590,185.20868,0.03412,-0.17695,-3.08764
185.22544,185.20868,0.03412,-0.17695,-3.08764
185.40814,185.50195,0.03445,-0.17617,-3.09051
185.56493,185.54189,0.03604,-0.17266,-3.10515
185.72200,185.79976,0.03608,-0.17189,-3.10811
185.89282,185.89088,0.06643,-0.14485,3.06127
186.05803,186.06070,0.06974,-0.14498,3.06467
186.23512,186.23106,0.07151,-0.14306,3.06827
186.39176,186.39075,0.06977,-0.14667,3.06883
186.57577,186.57166,0.07274,-0.15140,3.06992
186.72253,186.72179,0.07306,-0.15401,3.07105
186.90591,186.90133,0.07016,-0.15533,3.07284
187.05801,187.06192,0.07066,-0.15681,3.07407
187.22251,187.22308,0.07210,-0.15804,3.06973
187.39147,187.35475,0.07155,-0.15879,3.06842
187.56763,187.54855,0.07096,-0.15992,3.06711
187.74092,187.80758,0.07190,-0.16130,3.06298
187.89151,187.84760,0.07249,-0.16092,3.05217
188.05510,188.05675,0.07842,-0.16087,3.02274
188.22367,188.22445,0.07877,-0.17010,2.97590
188.39133,188.39143,0.07784,-0.17151,2.96672
188.57708,188.57318,0.07938,-0.17153,2.96861
188.72403,188.72309,0.07800,-0.17391,2.96935
188.88910,188.89192,0.07687,-0.17715,2.97201
189.05578,189.02309,0.07348,-0.17822,2.97320
189.05578,189.05278,0.07211,-0.17825,2.97401
189.21910,189.22300,0.06829,-0.17978,2.97515
189.39724,189.39277,0.06371,-0.18143,2.97397
189.55167,189.63903,0.06057,-0.18231,2.97374
189.71993,189.73237,0.06021,-0.18230,2.97373
189.80779,189.81212,0.05920,-0.18286,2.97380
190.02379,190.07891,0.05884,-0.18344,2.97389
190.13736,190.09217,0.05718,-0.18442,2.97423
190.30388,190.32584,0.05617,-0.18480,2.97359
190.46901,190.47352,0.05724,-0.19042,2.97862
190.63752,190.63303,0.05808,-0.19453,2.97973
190.80683,190.80280,0.05616,-0.19603,2.98336
191.00776,191.00409,0.05245,-0.19516,2.99542
191.13103,191.13297,0.05018,-0.19265,3.00651
191.29686,191.29179,0.04748,-0.18938,3.01969
191.46522,191.46219,0.04430,-0.18233,3.03362
191.66963,191.67216,0.04865,-0.17533,3.05098
191.84871,191.85322,0.05005,-0.17012,3.06431
191.95851,191.96253,0.05044,-0.16892,3.07358
192.12397,192.12183,0.05593,-0.16484,3.09015
192.33196,192.33349,0.05891,-0.15316,3.11493
192.45986,192.46520,0.05433,-0.15112,3.13000
192.66245,192.71786,0.05430,-0.14972,3.13527
192.78921,192.83317,0.05482,-0.14710,3.14039
192.99936,193.14449,0.05535,-0.14389,-3.13734
193.12221,193.14449,0.05535,-0.14389,-3.13734
193.28344,193.30727,0.05805,-0.13480,-3.12393
193.45165,193.45185,0.03789,-0.11198,-3.02951
193.61956,193.62372,0.03318,-0.11605,-3.02543
193.78307,193.78194,0.03047,-0.11906,-3.02714
193.94637,193.94366,0.02819,-0.12089,-3.02570
194.11162,194.11329,0.02742,-0.12316,-3.02405
194.27993,194.28318,0.02455,-0.12630,-3.02093
194.44790,194.44309,0.01919,-0.12724,-3.00979
194.64868,194.65301,0.01753,-0.13037,-2.99498
194.81466,194.79727,0.01925,-0.13118,-2.99349
194.93934,194.99722,0.01930,-0.13139,-2.99348
195.10611,195.09040,0.01950,-0.13183,-2.99328
195.31191,195.42357,0.01937,-0.13211,-2.99319
195.43729,195.43728,0.01799,-0.13303,-2.99248
195.64361,195.43728,0.01799,-0.13303,-2.99248
195.76854,195.43728,0.01799,-0.13303,-2.99248
195.97954,196.31201,0.01767,-0.13295,-2.99251
196.09812,196.31201,0.01767,-0.13295,-2.99251
196.26644,196.31201,0.01767,-0.13295,-2.99251
196.44780,196.45266,0.01448,-0.15303,-3.00836
196.63285,196.63317,0.01971,-0.15533,-3.00771
196.76028,196.76630,0.01853,-0.15597,-3.00705
196.92701,196.92287,0.01435,-0.15686,-3.00943
197.09320,197.10199,0.01252,-0.16046,-3.00889
197.25987,197.26348,0.01686,-0.16316,-3.00761
197.43588,197.43310,0.01744,-0.16395,-3.00943
197.59136,197.59294,0.01470,-0.16514,-3.00972
197.80779,197.81626,0.01454,-0.16723,-3.00759
197.92085,197.92284,0.01623,-0.16751,-3.00656
198.09010,198.09379,0.01353,-0.16940,-3.00720
198.25305,198.25273,0.01202,-0.17281,-3.00695
198.41994,198.42437,0.01575,-0.17552,-3.00383
198.58178,198.58305,0.01815,-0.17904,-3.00305
198.79229,198.79263,0.01674,-0.18223,-3.00282
198.91386,198.91442,0.01493,-0.18376,-3.00286
199.08214,199.08317,0.01595,-0.18742,-3.00079
199.24569,199.24374,0.01605,-0.18938,-3.00133
199.44780,199.44390,0.01316,-0.19348,-3.00864
199.57877,199.58388,0.00936,-0.19461,-3.01097
199.74288,199.74181,0.01036,-0.19499,-3.01082
199.90664,199.90189,0.01263,-0.19636,-3.00933
200.07371,200.07157,0.01331,-0.20235,-3.00947
200.23888,200.24205,0.01463,-0.20505,-3.00808
200.44708,200.44259,0.01484,-0.20534,-3.00820
200.59750,200.59211,0.01621,-0.20593,-3.00898
200.73561,200.73277,0.01645,-0.20620,-3.01684
200.90354,200.90241,0.01801,-0.20585,-3.03196
201.06722,201.06369,0.01841,-0.20292,-3.04687
201.23603,201.23262,0.01609,-0.19900,-3.06483
201.41632,201.41203,0.01312,-0.19326,-3.07870
201.61430,201.61169,0.01561,-0.18921,-3.09950
201.72775,201.72295,0.01688,-0.18284,-3.11380
201.89577,201.89264,0.01748,-0.17288,3.14071
202.06210,202.06286,0.01934,-0.16395,3.11212
202.23204,202.23320,0.02248,-0.15613,3.08602
202.39047,202.39235,0.02920,-0.14716,3.05931
202.55698,202.55218,0.03360,-0.14342,3.03364
202.72128,202.72182,0.03896,-0.13609,3.00825
202.89167,202.89229,0.04314,-0.12840,2.97765
203.05667,203.05239,0.04227,-0.12887,2.96398
203.22525,203.22259,0.04395,-0.13889,2.96639
203.39289,203.39250,0.04448,-0.14336,2.96922
203.55242,203.55187,0.04542,-0.14628,2.97331
203.72362,203.72272,0.04759,-0.15022,2.98022
203.88740,203.88270,0.04812,-0.15500,2.98387
204.05424,204.05254,0.05078,-0.15769,2.98500
204.26455,204.26222,0.05296,-0.15925,2.98803
204.38635,204.38276,0.05378,-0.16076,2.99000
204.57039,204.57374,0.05937,-0.16746,2.99341
204.71933,204.72256,0.06053,-0.17201,2.99474
204.88554,204.88332,0.05884,-0.17353,2.99550
205.06979,205.07267,0.06049,-0.17372,2.99933
205.06979,205.22354,0.06337,-0.17625,3.00357
205.23154,205.23316,0.06354,-0.17638,3.00365
205.39904,205.39458,0.06394,-0.17829,3.00521
205.57316,205.57412,0.06089,-0.17524,3.00822
205.73003,205.73342,0.05820,-0.17813,3.00978
205.89676,205.89434,0.05928,-0.17943,3.01256
206.06747,206.06340,0.05769,-0.18179,3.01551
206.23114,206.23344,0.05776,-0.18040,3.02020
206.39686,206.39350,0.05683,-0.18299,3.02130
206.56425,206.56317,0.05390,-0.18386,3.02373
206.73073,206.73381,0.05439,-0.18330,3.02769
206.90123,206.90503,0.05609,-0.18120,3.03300
207.06548,207.06406,0.05405,-0.18110,3.03820
207.23058,207.23412,0.04693,-0.18875,3.03924
207.39853,207.39342,0.04446,-0.18943,3.05042
207.56666,207.56461,0.04691,-0.18223,3.07230
207.73197,207.73415,0.04287,-0.17752,3.08794
207.92516,207.92366,0.04315,-0.17119,3.10837
208.06707,208.06610,0.04521,-0.16706,3.12328
208.25934,208.25753,0.04651,-0.16254,3.13963
208.39674,208.39420,0.04582,-0.16220,-3.13207
208.56436,208.56425,0.03996,-0.15662,-3.12329
208.73273,208.73368,0.03670,-0.15376,-3.11374
208.89759,208.89288,0.03551,-0.15404,-3.10410
209.06573,209.06328,0.03071,-0.15342,-3.09311
209.23077,209.23378,0.02561,-0.15033,-3.08395
209.39845,209.40411,0.02147,-0.14657,-3.06958
209.56494,209.56254,0.01965,-0.14613,-3.05715
209.73022,209.73471,0.01801,-0.14826,-3.05445
209.89770,209.89274,0.01698,-0.14690,-3.05199
210.06595,210.06377,0.01810,-0.14603,-3.05238
210.23619,210.23387,0.01591,-0.15044,-3.05199
210.41574,210.41353,0.01524,-0.15394,-3.05141
210.56381,210.56410,0.01655,-0.15464,-3.05003
210.73207,210.73341,0.01484,-0.15552,-3.04702
210.89820,210.89390,0.00934,-0.15439,-3.03638
211.09261,211.09299,0.00596,-0.15301,-3.02606
211.23076,211.23362,0.00505,-0.15334,-3.02027
211.39841,211.39343,0.00287,-0.15274,-3.01138
211.57028,211.57309,-0.00105,-0.15511,-3.00664
211.73235,211.73361,-0.00337,-0.15930,-3.00627
211.92043,211.92330,-0.00479,-0.16232,-3.00736
212.06846,212.06313,-0.00543,-0.16457,-3.00826
212.24460,212.24465,-0.00410,-0.16893,-3.01209
212.40003,212.40537,-0.00456,-0.17051,-3.01161
212.58216,212.58412,-0.00339,-0.17236,-3.01055
212.73198,212.73384,-0.00390,-0.17451,-3.01016
212.89868,212.89441,-0.00581,-0.17586,-3.01109
213.06542,213.06314,-0.00596,-0.17517,-3.00857
213.23135,213.23301,-0.00782,-0.17752,-3.00782
213.40116,213.40344,-0.01225,-0.18182,-3.00807
213.57889,213.59625,-0.01647,-0.18106,-3.00823
213.73149,213.73425,-0.01457,-0.18262,-3.00664
213.89886,213.90351,-0.01144,-0.18549,-3.00475
214.06765,214.06358,-0.00963,-0.18853,-3.00370
214.23847,214.24360,-0.01018,-0.18660,-3.00380
214.39702,214.39332,-0.00775,-0.18767,-3.00253
214.57513,214.57417,-0.00484,-0.19065,-3.00168
214.73365,214.73300,-0.00165,-0.19465,-2.99986
214.89883,214.90335,0.00109,-0.19730,-2.99900
214.98502,214.98315,0.00143,-0.19889,-2.99854
215.16357,215.16376,0.00071,-0.20454,-2.99600
215.31805,215.31387,0.00162,-0.20977,-2.99645
215.48911,215.49393,0.00226,-0.21470,-2.99440
215.65172,215.65341,0.00054,-0.21641,-2.99380
215.81291,215.81364,-0.00300,-0.21747,-2.99458
215.97818,215.97371,-0.00434,-0.21926,-2.99405
216.16587,216.16315,-0.00295,-0.21841,-3.00197
216.31208,216.31336,-0.00333,-0.21363,-3.02567
216.47850,216.47343,0.00226,-0.20796,-3.04638
216.70782,216.70431,0.00541,-0.19504,-3.08584
216.80627,216.80405,0.00353,-0.19009,-3.10294
216.97087,216.97436,0.00115,-0.18579,-3.13066
217.13688,217.13387,0.00056,-0.17786,3.12924
217.30451,217.30365,0.00725,-0.17228,3.10688
217.48100,217.48385,0.01488,-0.17064,3.08338
217.63931,217.63464,0.02215,-0.16302,3.06065
217.80221,217.80247,0.02834,-0.15786,3.03582
218.00570,218.00335,0.03597,-0.15904,3.00957
218.13074,218.13304,0.04096,-0.15810,2.99599
218.29660,218.29319,0.04514,-0.15519,2.98612
218.50676,218.50331,0.04615,-0.15841,2.99052
218.62888,218.62388,0.04633,-0.16056,2.99191
218.79739,218.79348,0.04645,-0.16260,2.99613
218.95908,218.96280,0.05046,-0.16312,2.99791
219.12993,219.13297,0.05402,-0.16676,3.00088
219.29078,219.29401,0.05862,-0.16913,3.00451
219.45836,219.46297,0.05970,-0.17143,3.00530
219.62866,219.63335,0.05858,-0.17625,3.00760
219.79159,219.79360,0.05712,-0.17982,3.00942
219.98697,219.98345,0.05881,-0.18487,3.00973
220.14661,220.14293,0.05844,-0.18748,3.01108
220.28416,220.28300,0.05903,-0.19021,3.01369
220.45442,220.45333,0.05896,-0.19567,3.01361
220.61864,220.62260,0.05449,-0.19943,3.01402
220.78234,220.78364,0.05027,-0.20038,3.01637
220.94563,220.94270,0.05009,-0.20107,3.01984
221.11324,221.11340,0.05040,-0.20079,3.02070
221.11324,221.41321,0.03873,-0.20435,3.02504
221.32414,221.41321,0.03873,-0.20435,3.02504
221.44374,221.44360,0.03866,-0.20474,3.02527
221.61043,221.61509,0.04093,-0.20952,3.02606
221.77334,221.77207,0.04151,-0.21207,3.02817
221.94209,221.94299,0.03907,-0.21390,3.02954
222.11011,222.11224,0.03773,-0.21266,3.04096
222.27053,222.27228,0.03833,-0.21090,3.05437
222.45260,222.45300,0.03636,-0.21212,3.07652
222.63614,222.63292,0.03735,-0.20619,3.10300
222.76517,222.76346,0.03598,-0.20172,3.12287
222.93491,222.93322,0.03216,-0.20117,-3.13919
223.10065,223.10268,0.03184,-0.19667,-3.11644
223.30487,223.30270,0.02637,-0.19182,-3.09384
223.42803,223.43196,0.02395,-0.18813,-3.07886
223.59641,223.59354,0.02305,-0.18652,-3.05991
223.76004,223.76229,0.02057,-0.18700,-3.04116
223.92906,223.93293,0.01686,-0.18345,-3.02252
224.12620,224.12289,0.01302,-0.18656,-3.00436
224.30220,224.30299,0.00706,-0.18687,-2.98349
224.44344,224.44891,0.00151,-0.18601,-2.96724
224.58915,224.59257,-0.00102,-0.18572,-2.95156
224.75432,224.75291,0.00045,-0.18290,-2.93873
224.92165,224.92292,-0.00261,-0.18664,-2.93491
225.08653,225.08347,-0.00716,-0.18763,-2.93460
225.25029,225.25315,-0.00874,-0.18800,-2.93414
225.45494,225.45249,-0.00468,-0.18798,-2.93262
225.58183,225.58231,-0.00298,-0.19351,-2.93252
225.74966,225.75332,-0.00504,-0.19815,-2.93290
225.91728,225.91290,-0.00702,-0.19985,-2.93341
226.12957,226.13294,-0.01011,-0.20657,-2.93217
226.24323,226.24314,-0.01012,-0.20999,-2.93172
226.40884,226.41269,-0.00746,-0.21258,-2.93000
226.57500,226.57381,-0.00640,-0.21537,-2.92924
226.73887,226.74137,-0.00708,-0.21610,-2.92908
226.90515,226.90163,-0.00495,-0.22054,-2.92682
227.07422,227.07142,-0.00116,-0.22497,-2.92637
227.23950,227.24135,-0.00358,-0.22959,-2.92560
227.40216,227.40247,-0.00710,-0.23524,-2.92382
227.56799,227.57210,-0.00738,-0.23982,-2.92338
227.73451,227.73140,-0.00782,-0.24141,-2.92260
227.90941,227.91291,-0.00614,-0.24409,-2.92033
228.13397,228.13163,-0.00200,-0.24685,-2.92244
228.27383,228.27226,-0.00360,-0.24798,-2.92949
228.39742,228.40226,-0.00254,-0.24615,-2.93647
228.56686,228.56252,-0.00130,-0.24556,-2.94847
228.73202,228.73160,-0.00060,-0.24616,-2.96206
228.90631,228.90200,0.00130,-0.24506,-2.97871
229.06814,229.07282,0.00468,-0.24178,-2.99951
229.23087,229.23221,0.00809,-0.23511,-3.02089
229.41394,229.41268,0.01225,-0.22865,-3.04896
229.56630,229.56175,0.01577,-0.22069,-3.06740
229.73198,229.73354,0.02273,-0.21639,-3.09130
229.89889,229.90193,0.02410,-0.21412,-3.11512
230.06616,230.06282,0.02547,-0.20506,-3.13635
230.23163,230.23404,0.02522,-0.19650,3.12540
230.42686,230.43154,0.02634,-0.18984,3.10029
230.56840,230.57224,0.02627,-0.17955,3.08168
230.73101,230.73256,0.03670,-0.17393,3.06346
230.90229,230.90217,0.04218,-0.16610,3.04287
231.09821,231.10200,0.05052,-0.16183,3.02794
231.23085,231.23168,0.05449,-0.16450,3.02372
231.39965,231.40229,0.05440,-0.16581,3.02500
231.56745,231.57268,0.05520,-0.16947,3.02907
231.73256,231.73217,0.05456,-0.17152,3.03211
231.90207,231.90262,0.05428,-0.17416,3.03393
232.06452,232.06319,0.05414,-0.17670,3.03637
232.23599,232.23409,0.05687,-0.17914,3.03899
232.39784,232.39240,0.05814,-0.18008,3.03978
232.56448,232.56307,0.05756,-0.18054,3.04114
232.73217,232.73210,0.05673,-0.18101,3.04533
232.92404,232.92297,0.05958,-0.18377,3.04823
233.07028,233.07205,0.05915,-0.18666,3.04941
233.23301,233.23309,0.05535,-0.18895,3.05182
233.39783,233.39228,0.05354,-0.18977,3.05333
233.56995,233.57367,0.05465,-0.19198,3.05360
233.74368,233.74462,0.05454,-0.19394,3.05518
233.90364,233.90237,0.05085,-0.19371,3.05499
234.06822,234.07352,0.05060,-0.19478,3.05714
234.23249,234.23236,0.05476,-0.19819,3.06102
234.39836,234.40288,0.05611,-0.19991,3.06296
234.56522,234.56292,0.05637,-0.20078,3.06368
234.76234,234.76219,0.05325,-0.20233,3.06546
234.90911,234.91228,0.05472,-0.20492,3.06634
235.06898,235.07257,0.05529,-0.20349,3.06698
235.23220,235.23359,0.05023,-0.20426,3.06640
235.41714,235.41303,0.04720,-0.20490,3.06766
235.56728,235.56273,0.04653,-0.20587,3.06813
235.73168,235.73200,0.04639,-0.20146,3.07080
235.90263,235.90186,0.04080,-0.19948,3.07045
236.08331,236.08217,0.04138,-0.20347,3.07127
236.25203,236.25175,0.04039,-0.20459,3.07138
236.39918,236.40216,0.04476,-0.20022,3.07494
236.56829,236.57313,0.04441,-0.19934,3.07476
236.73166,236.73182,0.04273,-0.20426,3.07462
236.90344,236.90184,0.04401,-0.20794,3.07379
237.06548,237.06219,0.04598,-0.20838,3.07720
237.23185,237.23218,0.04773,-0.20644,3.08016
237.23185,237.58142,0.04225,-0.21063,3.07957
237.41383,237.58142,0.04225,-0.21063,3.07957
237.56600,237.58142,0.04225,-0.21063,3.07957
237.73630,237.73205,0.04339,-0.21156,3.08199
237.90008,237.90269,0.03977,-0.21143,3.08117
238.07867,238.08207,0.03439,-0.21230,3.08044
238.25352,238.25226,0.03249,-0.21191,3.08007
238.39981,238.40341,0.03242,-0.21149,3.08192
238.56920,238.57222,0.03241,-0.20908,3.08164
238.73383,238.73425,0.02826,-0.20961,3.07932
238.91417,238.91305,0.02332,-0.20862,3.07852
239.06508,239.06213,0.02470,-0.21069,3.07905
239.23191,239.23187,0.02844,-0.21371,3.08024
239.39952,239.39221,0.02821,-0.21270,3.08004
239.58067,239.58279,0.02642,-0.21543,3.08020
239.73335,239.73273,0.02772,-0.21858,3.08084
239.81997,239.82226,0.03059,-0.22061,3.08299
239.98846,239.99226,0.03119,-0.22184,3.08736
240.15464,240.15293,0.02432,-0.21997,3.09892
240.31996,240.32214,0.01920,-0.21590,3.12270
240.48642,240.48288,0.02153,-0.21088,-3.13497
240.64838,240.65268,0.02663,-0.21148,-3.11078
240.81582,240.81208,0.02843,-0.20696,-3.08536
240.97990,240.98283,0.02096,-0.20249,-3.05684
241.14505,241.14299,0.01837,-0.19657,-3.02895
241.31177,241.31284,0.01447,-0.18766,-3.00396
241.52514,241.52233,0.00448,-0.18058,-2.96844
241.64218,241.64181,-0.00135,-0.17869,-2.94960
241.81018,241.81291,-0.00655,-0.17443,-2.92810
241.97757,241.98248,-0.00916,-0.17692,-2.92453
242.15023,242.15193,-0.00947,-0.17830,-2.92276
242.30770,242.31257,-0.00826,-0.18178,-2.92339
242.52067,242.52205,-0.00802,-0.18363,-2.92648
242.63873,242.64281,-0.00860,-0.18465,-2.92571
242.80169,242.80183,-0.00928,-0.18544,-2.92547
242.96595,242.96261,-0.01057,-0.19019,-2.92684
243.13315,243.13232,-0.01318,-0.19506,-2.92686
243.30487,243.30420,-0.01260,-0.19817,-2.92651
243.46831,243.47199,-0.00963,-0.20219,-2.92823
243.65796,243.60341,-0.01079,-0.20305,-2.92857
243.79456,243.60341,-0.01079,-0.20305,-2.92857
243.96416,244.00291,-0.01106,-0.20306,-2.92854
244.14532,244.24290,-0.01131,-0.20307,-2.92853
244.30800,244.25623,-0.01236,-0.20332,-2.92869
244.47258,244.62970,-0.01260,-0.20342,-2.92870
244.62210,244.62970,-0.01260,-0.20342,-2.92870
244.80511,244.65612,-0.01412,-0.20552,-2.93023
244.95860,245.20732,-0.01421,-0.20570,-2.93037
245.12146,245.20732,-0.01421,-0.20570,-2.93037
245.28601,245.28180,-0.01197,-0.21714,-2.93825
245.49700,245.50196,-0.00522,-0.21972,-2.93772
245.61589,245.61207,-0.00502,-0.22182,-2.93825
245.78153,245.78238,-0.00766,-0.22747,-2.93973
245.94714,245.96230,-0.00739,-0.22938,-2.94019
246.12666,245.96230,-0.00739,-0.22938,-2.94019
246.27746,246.36224,-0.00735,-0.22943,-2.94011
246.48203,246.40216,-0.00759,-0.22986,-2.93958
246.61218,246.60222,-0.00697,-0.23241,-2.93932
246.77602,246.77212,-0.00306,-0.23846,-2.96032
246.94520,246.94251,-0.00336,-0.23551,-2.98005
247.10615,247.10206,-0.00937,-0.22578,-2.99908
247.30417,247.30210,-0.00716,-0.21584,-3.02053
247.43625,247.45011,-0.00246,-0.21604,-3.03088
247.60264,247.60258,0.00513,-0.21384,-3.05364
247.77023,247.77191,0.00563,-0.20819,-3.07486
247.93832,247.94200,0.00657,-0.20354,-3.09449
248.10351,248.10293,0.01030,-0.19525,-3.11413
248.26565,248.24454,0.01153,-0.19449,-3.12188
248.42942,248.58802,0.01149,-0.19477,-3.12297
248.59695,248.58807,0.01167,-0.19531,-3.12650
248.76285,248.72129,0.01201,-0.19561,-3.13012
248.92843,248.93463,0.01217,-0.19580,-3.13130
249.09753,249.10154,0.02269,-0.18073,3.05853
249.28644,249.28243,0.02530,-0.17584,3.04164
249.42296,249.42235,0.02762,-0.17852,3.04006
249.59653,249.59276,0.02941,-0.17718,3.03861
249.78157,249.78237,0.03008,-0.17524,3.03985
249.92017,249.92224,0.03014,-0.17457,3.04162
250.13250,250.13269,0.03220,-0.17612,3.04410
250.25099,250.24316,0.03354,-0.17711,3.04511
250.41954,250.42087,0.03483,-0.17617,3.04541
250.58362,250.58222,0.03672,-0.17937,3.04844
250.75276,250.75249,0.03561,-0.18484,3.04867
250.91592,250.91298,0.03296,-0.18834,3.05043
251.13418,251.14855,0.02986,-0.18826,3.05215
251.24442,251.24238,0.02833,-0.18854,3.05456
251.41294,251.41231,0.02693,-0.19038,3.05638
251.57622,251.57248,0.02361,-0.19059,3.05769
251.74516,251.74308,0.02028,-0.19139,3.05904
251.95897,251.96212,0.01882,-0.19092,3.06255
252.07269,252.07321,0.01897,-0.18970,3.06292
252.28103,252.28296,0.01688,-0.18662,3.06479
252.40391,252.40216,0.01708,-0.18579,3.06588
252.57145,252.57257,0.01548,-0.18203,3.06630
252.74263,252.74231,0.01262,-0.17952,3.06771
252.90570,252.90191,0.01160,-0.18028,3.06965
253.06983,253.07204,0.01156,-0.17946,3.06931
253.06983,253.60287,0.01189,-0.17952,3.06918
253.23616,253.60287,0.01189,-0.17952,3.06918
253.40602,253.60287,0.01189,-0.17952,3.06918
253.57827,253.60287,0.01189,-0.17952,3.06918
253.76525,253.76223,0.01204,-0.17971,3.06894
253.90279,253.90123,0.01213,-0.17985,3.06880
254.07050,254.07221,0.01216,-0.17987,3.06876
254.24024,254.24209,0.01203,-0.18007,3.06881
254.40970,254.41293,0.01194,-0.17996,3.06890
254.58130,254.58148,0.01203,-0.17988,3.06889
254.73687,254.74143,0.01253,-0.18254,3.06791
254.90640,254.90209,0.01294,-0.18413,3.06808
255.07134,255.07131,0.01300,-0.18406,3.06794
255.23618,255.23186,0.01216,-0.18271,3.06864
255.40655,255.40262,0.01227,-0.18272,3.06845
255.57131,255.57134,0.01231,-0.18272,3.06841
255.74096,255.74147,0.01244,-0.18255,3.06842
255.91031,255.91211,0.01271,-0.18263,3.06835
256.07098,256.07235,0.01273,-0.18258,3.06825
256.23658,256.24180,0.01267,-0.18257,3.06823
256.43248,256.43193,0.01278,-0.18254,3.06826
256.57977,256.58216,0.01289,-0.18260,3.06811
256.74106,256.74287,0.01296,-0.18255,3.06802
