Time(Sec), Frame, LO(m), AO(deg)
0.00000,0001,0.00000,50.29550
0.00105,0002,0.00000,50.30008
0.00369,0003,0.00000,50.29722
0.00516,0004,0.00000,50.29836
0.00876,0005,0.00000,50.29722
0.00982,0006,0.00000,50.29722
0.01168,0007,0.00000,50.29664
0.01650,0008,0.00000,50.30065
0.03488,0009,0.00000,50.30065
0.03810,0010,0.00000,50.30065
0.03964,0011,0.00000,50.30065
0.04054,0012,0.00000,50.30065
0.08289,0013,0.00000,50.30065
0.08320,0014,0.00000,50.30065
0.08356,0015,0.00000,50.30065
0.08461,0016,0.00000,50.30065
0.08483,0017,0.00000,50.30065
0.08505,0018,0.00000,50.30065
0.08523,0019,0.00000,50.30065
0.08555,0020,0.00000,50.30065
0.08626,0021,0.00000,50.30065
0.08731,0022,0.00000,50.30065
0.09528,0023,0.00000,50.30065
0.09685,0024,0.00000,50.30065
0.10974,0025,0.00000,50.29894
0.13037,0026,0.00000,50.29894
0.13379,0027,0.00000,50.29894
0.13602,0028,0.00000,50.29894
0.13729,0029,0.00000,50.29894
0.13787,0030,0.00000,50.29894
0.13845,0031,0.00000,50.29894
0.13902,0032,0.00000,50.29894
0.13956,0033,0.00000,50.29894
0.14012,0034,0.00000,50.29894
0.14116,0035,0.00000,50.29894
0.14728,0036,0.00000,50.29894
0.15105,0037,0.00000,50.29894
0.15797,0038,0.00000,50.29894
0.16010,0039,0.00000,50.29894
0.16099,0040,0.00000,50.29894
0.16541,0041,0.00000,50.29894
0.17588,0042,0.00000,50.29894
0.17622,0043,0.00000,50.29894
0.17779,0044,0.00000,50.29894
0.18069,0045,0.00000,50.29894
0.18288,0046,0.00000,50.29894
0.18364,0047,0.00000,50.29894
0.24482,0048,0.00000,50.29722
0.41235,0049,0.00000,50.29206
0.58468,0050,0.00000,50.29321
0.75305,0051,0.00000,50.29206
0.90867,0052,0.00000,50.28977
1.07900,0053,0.00000,50.29149
1.23259,0054,0.00000,50.28920
1.41222,0055,0.00000,50.28576
1.59917,0056,0.00000,50.28862
1.73289,0057,0.00000,50.28977
1.92464,0058,0.00000,50.27946
2.10203,0059,0.00000,50.28347
2.25397,0060,0.00000,50.31154
2.42640,0061,0.00000,50.43988
2.58068,0062,0.00000,50.42327
2.73138,0063,0.00000,50.44962
2.89279,0064,0.00000,50.49374
3.09944,0065,0.00000,50.60776
3.22381,0066,0.00000,50.62896
3.43546,0067,0.00000,50.66563
3.55587,0068,0.00000,50.70173
3.72937,0069,0.00000,50.70344
3.89079,0070,0.00000,50.78079
4.09508,0071,0.05500,0.69390
4.22344,0072,0.05499,0.69676
4.43247,0073,0.05762,0.76552
4.55855,0074,0.05838,0.79417
4.72237,0075,0.06022,0.81136
4.89236,0076,0.06205,0.82969
5.06339,0077,0.05871,0.77984
5.23336,0078,0.05804,0.79818
5.42395,0079,0.05462,1.17576
5.56015,0080,0.05163,1.68626
5.72624,0081,0.04505,2.71759
5.92700,0082,0.03826,3.32779
6.07202,0083,0.02407,3.47332
6.25179,0084,0.02585,3.53176
6.39037,0085,0.02709,3.53577
6.55654,0086,0.02629,3.63203
6.73968,0087,0.02547,3.69964
6.89107,0088,0.02388,3.75292
7.08408,0089,0.02090,3.85434
7.08408,0090,0.03005,3.61694
7.25009,0091,0.02894,3.66621
7.41851,0092,0.03022,3.34593
7.58304,0093,0.03330,2.91335
7.74809,0094,0.03399,2.83543
7.91791,0095,0.03477,2.85147
8.08399,0096,0.04181,2.76954
8.24916,0097,0.04129,2.83657
8.41471,0098,0.03961,2.82970
8.58155,0099,0.03793,2.84402
8.76715,0100,0.03700,2.86064
8.91757,0101,0.03924,2.57015
9.08285,0102,0.03931,2.46300
9.24978,0103,0.04026,2.48306
9.41499,0104,0.03949,2.48076
9.58440,0105,0.04033,2.30429
9.74965,0106,0.04058,2.32721
9.92100,0107,0.04034,2.37878
10.08930,0108,0.04023,2.38623
10.26561,0109,0.03279,2.59650
10.41600,0110,0.03254,2.68416
10.58562,0111,0.03222,2.74490
10.78088,0112,0.03061,2.88413
10.93308,0113,0.03065,2.97408
11.08299,0114,0.02046,1.83198
11.25357,0115,0.01982,1.88240
11.41590,0116,0.02033,1.87552
11.58619,0117,0.02352,1.73286
11.75292,0118,0.02391,1.59191
11.93667,0119,0.02638,1.42174
12.11225,0120,0.03536,1.45268
12.24885,0121,0.03608,1.46185
12.41596,0122,0.03601,1.51399
12.59524,0123,0.03623,1.46070
12.74901,0124,0.03494,1.51170
12.92285,0125,0.04122,0.77086
13.08172,0126,0.03873,0.23056
13.24790,0127,0.03918,-0.02841
13.43657,0128,0.03852,-0.06336
13.58051,0129,0.03840,-0.00836
13.74925,0130,0.03931,0.04378
13.91702,0131,0.03833,0.16467
14.10194,0132,0.01502,0.36005
14.26144,0133,0.01491,0.42250
14.43136,0134,0.01558,0.44428
14.52076,0135,0.01485,0.48152
14.71991,0136,0.01182,0.66143
14.84374,0137,0.01202,0.72560
15.00143,0138,0.01274,0.72560
15.18176,0139,0.03231,2.89925
15.33138,0140,0.03306,2.95368
15.49835,0141,0.03436,2.99550
15.66437,0142,0.03515,3.08832
15.82751,0143,0.03262,3.19547
15.99514,0144,0.03089,3.23443
16.15972,0145,0.03147,3.30662
16.32374,0146,0.03276,3.36965
16.49649,0147,0.03186,3.45043
16.69374,0148,0.03137,3.54554
16.81843,0149,0.03146,3.54955
16.98456,0150,0.03213,3.56445
17.15280,0151,0.04877,3.54898
17.33437,0152,0.05132,3.54096
17.48399,0153,0.05097,3.61430
17.68656,0154,0.04559,3.34214
17.81406,0155,0.04909,2.97889
17.97692,0156,0.05287,2.49875
18.15321,0157,0.03788,1.64155
18.32157,0158,0.03871,1.56821
18.47675,0159,0.04026,1.51893
18.64482,0160,0.04157,1.55331
18.80526,0161,0.04165,1.58941
18.97010,0162,0.04251,1.65473
19.14021,0163,0.04615,1.73838
19.33107,0164,0.04884,1.52982
19.51153,0165,0.04927,1.61977
19.63214,0166,0.04917,1.62608
19.82545,0167,0.05131,1.49831
19.96657,0168,0.05194,1.57222
20.13408,0169,0.05841,1.57795
20.31873,0170,0.05885,1.65759
20.50748,0171,0.05865,1.75958
20.62763,0172,0.05877,1.75786
20.81074,0173,0.05909,1.77734
20.95813,0174,0.05904,1.78249
21.12998,0175,0.05756,1.91485
21.29198,0176,0.05786,1.94808
21.45349,0177,0.05740,1.67306
21.62151,0178,0.05692,1.51836
21.78967,0179,0.05555,1.48398
21.95036,0180,0.05754,1.47711
22.16220,0181,0.05696,1.57738
22.28216,0182,0.05611,1.65186
22.50264,0183,0.05657,1.70515
22.61244,0184,0.05712,1.72577
22.78018,0185,0.05649,1.79625
22.99267,0186,0.05394,1.91084
23.11243,0187,0.05325,1.93662
23.11243,0188,0.06144,-0.14612
23.26649,0189,0.06144,-0.14612
23.43135,0190,0.06181,-0.09169
23.59469,0191,0.06275,-0.01778
23.76177,0192,0.06302,0.02290
23.93230,0193,0.06360,0.11400
24.13479,0194,0.06208,0.24693
24.25698,0195,0.06168,0.32027
24.46736,0196,0.06090,0.44001
24.58799,0197,0.06071,0.47611
24.75725,0198,0.05907,0.49330
24.92458,0199,0.05857,0.30881
25.10316,0200,0.05592,1.74572
25.24998,0201,0.05455,1.65691
25.41549,0202,0.05898,1.02952
25.58152,0203,0.06376,0.26978
25.74992,0204,0.06546,-0.18973
25.95003,0205,0.06301,-0.24874
26.07886,0206,0.06100,-0.20463
26.24318,0207,0.06551,-0.07915
26.40946,0208,0.06617,0.02627
26.57983,0209,0.06745,0.06352
26.75590,0210,0.06703,0.12998
26.91331,0211,0.06739,0.19644
27.08210,0212,0.06848,0.25030
27.25961,0213,0.06783,0.21822
27.41336,0214,0.06712,0.30702
27.58162,0215,0.06502,0.42735
27.75474,0216,0.06478,0.44969
27.93839,0217,0.06517,0.46459
28.12790,0218,0.06567,0.46745
28.27960,0219,0.06384,0.69377
28.41759,0220,0.05998,0.76883
28.61547,0221,0.05918,0.83185
28.75520,0222,0.05681,0.90806
28.92316,0223,0.05757,0.98369
29.08965,0224,0.05807,1.07479
29.25888,0225,0.05776,-0.32177
29.42521,0226,0.05671,-0.24671
29.59523,0227,0.05565,-0.18368
29.76140,0228,0.05503,-0.15675
29.97236,0229,0.05493,-0.16019
30.09627,0230,0.05291,-0.08112
30.26603,0231,0.03570,-0.05992
30.43107,0232,0.03718,0.01227
30.60103,0233,0.03743,0.07529
30.76857,0234,0.03791,0.08274
30.96425,0235,0.04165,-0.22608
31.10345,0236,0.04472,-0.54522
31.27061,0237,0.03885,-0.78185
31.43731,0238,0.03538,-0.77555
31.62295,0239,0.03451,-0.77039
31.77586,0240,0.03445,-0.74575
31.96806,0241,0.03389,-0.60080
32.11011,0242,0.03357,-0.51313
32.27739,0243,0.03314,0.48201
32.44341,0244,0.03533,0.47170
32.61492,0245,0.03530,0.53530
32.77920,0246,0.03453,0.60978
32.94943,0247,0.03343,0.67109
33.11495,0248,0.03254,0.74328
33.28287,0249,0.03185,0.83782
33.44991,0250,0.02968,0.88022
33.61682,0251,0.02919,0.91459
33.78665,0252,0.02931,0.91861
33.95397,0253,0.02938,0.91975
34.14014,0254,0.04069,0.93866
34.28920,0255,0.03866,1.16727
34.45567,0256,0.03782,1.25149
34.62565,0257,0.03212,1.52766
34.79083,0258,0.03057,1.57865
34.98065,0259,0.03032,1.61876
35.14263,0260,0.03407,1.72819
35.29228,0261,0.03126,1.84737
35.45881,0262,0.02669,1.92357
35.64426,0263,0.02550,1.64397
35.79635,0264,0.03583,0.57655
35.98296,0265,0.04696,-0.50577
36.14727,0266,0.04938,-0.73094
36.29610,0267,0.04532,-0.74870
36.46378,0268,0.04493,-0.66620
36.64597,0269,0.04300,-0.44618
36.80277,0270,0.04140,-0.34878
36.97806,0271,0.04125,-0.24393
37.15288,0272,0.04145,-0.20095
37.30524,0273,0.03945,-0.11558
37.49070,0274,0.03800,-0.00099
37.63743,0275,0.03826,0.05974
37.80253,0276,0.03863,0.13022
37.97891,0277,0.03837,0.24538
38.13813,0278,0.03918,0.36914
38.32367,0279,0.03740,0.42300
38.47170,0280,0.03589,0.43789
38.63950,0281,0.03518,0.45050
38.81628,0282,0.03217,0.58056
38.97446,0283,0.02880,0.68828
39.14370,0284,0.02720,0.74156
39.14370,0285,0.01623,1.33975
39.28973,0286,-0.00945,1.33975
39.48282,0287,-0.00945,1.33975
39.55122,0288,-0.01053,1.33001
39.74267,0289,-0.01179,1.34777
39.96405,0290,-0.01374,1.15870
40.12504,0291,0.01924,0.79659
40.29295,0292,0.03208,-1.09629
40.47127,0293,0.03751,-1.50538
40.63139,0294,0.03623,-1.51398
40.82140,0295,0.03376,-1.48361
40.96260,0296,0.03382,-1.44522
41.13104,0297,0.03385,-1.32318
41.20444,0298,0.03068,-1.29855
41.38345,0299,0.02963,-1.16104
41.54374,0300,0.02767,-1.05160
41.70566,0301,0.02652,-0.96795
41.87461,0302,0.02143,-0.79721
42.03714,0303,0.01982,-0.72788
42.20147,0304,0.01550,-0.66715
42.38260,0305,0.01754,-0.53422
42.53499,0306,0.01421,-0.41562
42.71217,0307,0.01131,-0.31707
42.86589,0308,0.01132,-0.28670
43.08762,0309,0.01149,-0.26779
43.19906,0310,-0.00284,-0.35094
43.36716,0311,-0.00397,-0.29765
43.56997,0312,-0.00311,-0.23978
43.69759,0313,-0.00243,-0.18363
43.89525,0314,-0.00257,-0.58872
44.03128,0315,0.00801,-1.02187
44.20828,0316,-0.00624,-1.82516
44.36190,0317,0.00959,-2.04002
44.53017,0318,0.00883,-2.03715
44.69515,0319,0.01069,-2.00335
44.86328,0320,0.01177,-1.93689
45.02990,0321,0.01143,-1.84808
45.19140,0322,-0.00574,-1.59540
45.39641,0323,-0.01107,-1.53524
45.52707,0324,-0.01053,-1.50430
45.71217,0325,-0.01138,-1.45274
45.86499,0326,-0.01070,-1.41492
46.06850,0327,-0.01132,-1.42810
46.23164,0328,-0.01190,-1.41893
46.35260,0329,-0.00195,-1.34445
46.55837,0330,-0.00042,-1.30434
46.68515,0331,-0.00033,-1.28429
46.91296,0332,-0.00160,-1.20579
47.01847,0333,-0.00173,-1.15021
47.18697,0334,-0.00161,-1.16339
47.34917,0335,0.01450,-0.72636
47.51534,0336,0.01565,-0.64786
47.68258,0337,0.01116,-0.52697
47.85265,0338,0.01036,-0.44389
48.02353,0339,0.01124,-0.37342
48.20669,0340,0.01210,-0.27200
48.34401,0341,0.00833,-0.25825
48.51094,0342,0.00978,-0.23075
48.68873,0343,0.00925,-0.16887
48.84769,0344,0.00826,-0.10585
49.06151,0345,0.00646,0.01390
49.17444,0346,0.00392,-0.01074
49.37999,0347,0.00049,-0.36139
49.50626,0348,0.00244,-0.75386
49.72048,0349,0.00615,-1.18702
49.83945,0350,0.00842,-1.40646
50.04117,0351,0.01033,-1.55085
50.17003,0352,0.01110,-1.60700
50.37897,0353,0.01008,-1.56402
50.50686,0354,0.00952,-1.56001
50.67406,0355,0.00483,-1.39729
50.84176,0356,0.00413,-1.33198
51.03697,0357,0.00149,-1.19447
51.16541,0358,0.00192,-1.19504
51.33527,0359,0.00425,-1.13259
51.50353,0360,0.01099,0.68705
51.68325,0361,0.01088,0.72142
51.88477,0362,0.00887,0.83601
51.99641,0363,0.00817,0.89675
52.16287,0364,0.00818,0.94144
52.32847,0365,0.01594,1.10129
52.49329,0366,0.01467,1.21531
52.66654,0367,0.01516,1.27605
52.84114,0368,0.01444,1.29438
52.99419,0369,0.01451,1.29782
53.19734,0370,0.01034,1.51268
53.32646,0371,0.00912,1.55049
53.52543,0372,0.00902,1.55336
53.69773,0373,0.00902,1.55336
53.85429,0374,0.00862,1.56195
54.00955,0375,0.00773,1.57169
54.16095,0376,0.00050,1.83755
54.33187,0377,0.00152,1.75160
54.49834,0378,0.00486,1.51211
54.66245,0379,0.00733,1.27089
54.86623,0380,0.00839,1.24568
55.02140,0381,0.00828,1.25485
55.16457,0382,0.00615,1.39408
55.16457,0383,0.01659,-0.46036
55.32971,0384,-0.00635,-0.46036
55.49709,0385,-0.00635,-0.46036
55.66490,0386,-0.00635,-0.46036
55.83329,0387,-0.00852,-0.61563
56.01683,0388,-0.00758,-0.67178
56.16794,0389,-0.00522,-0.58411
56.34078,0390,0.01839,-0.44030
56.49947,0391,0.01503,-0.31597
56.68395,0392,-0.01047,-0.12861
56.85167,0393,-0.00867,-0.02949
56.99880,0394,-0.00811,0.03067
57.16940,0395,-0.00720,0.08739
57.33341,0396,0.01682,0.11833
57.50051,0397,0.01612,0.16990
57.66686,0398,0.01476,0.21172
57.83552,0399,0.01486,0.26043
58.00219,0400,0.01481,0.26501
58.16672,0401,-0.01252,0.40825
58.33486,0402,0.02666,1.42983
58.51053,0403,0.02676,1.48426
58.69172,0404,0.02712,1.58567
58.83522,0405,0.02658,1.70771
59.01862,0406,0.02796,1.75412
59.17213,0407,0.02656,1.83835
59.36068,0408,0.03478,1.89851
59.50556,0409,0.03332,1.90309
59.66916,0410,0.03613,1.64068
59.85311,0411,0.04260,0.97203
60.00322,0412,0.05160,0.13494
60.18788,0413,0.05560,-0.22373
60.33979,0414,0.05281,-0.34749
60.51042,0415,0.05347,-0.36009
60.69441,0416,0.05148,-0.27128
60.83738,0417,0.04562,-0.13492
61.00600,0418,0.04220,0.00488
61.17400,0419,0.04346,0.01233
61.33996,0420,0.06937,0.06619
61.50750,0421,0.06960,0.11546
61.67211,0422,0.06958,0.16073
61.86060,0423,0.06811,0.24266
62.00762,0424,0.06590,0.36241
62.17362,0425,0.06511,0.40423
62.34123,0426,0.05916,0.96254
62.50670,0427,0.05977,0.96712
62.68008,0428,0.06052,0.98546
62.84296,0429,0.06238,0.98431
63.02681,0430,0.06302,1.10692
63.18356,0431,0.06288,1.11667
63.34053,0432,0.07614,1.11667
63.51071,0433,0.07602,1.12641
63.68674,0434,0.07173,1.42721
63.84098,0435,0.07141,1.46101
64.00933,0436,0.07030,1.45700
64.18183,0437,0.07256,1.45929
64.34430,0438,0.08216,1.48680
64.52801,0439,0.08144,1.41919
64.60296,0440,0.08046,1.42893
64.76480,0441,0.07824,1.43179
64.97739,0442,0.07778,1.38194
65.09642,0443,0.08003,1.02786
65.30276,0444,0.08935,0.32426
65.46021,0445,0.09641,-0.30083
65.59046,0446,0.09839,-0.41829
65.75861,0447,0.09576,-0.36844
65.92651,0448,0.09023,-0.22921
66.10087,0449,0.08680,-0.08254
66.30713,0450,0.09781,-3.10625
66.41948,0451,0.09815,-3.06729
66.61914,0452,0.09846,-3.01228
66.75265,0453,0.09946,-2.96988
66.92723,0454,0.10231,-2.90972
67.08355,0455,0.10170,-2.79399
67.25021,0456,0.08095,-2.73325
67.41629,0457,0.07830,-2.67309
67.58180,0458,0.07625,-2.57855
67.74846,0459,0.07536,-2.48688
67.91443,0460,0.07534,-2.43818
68.09324,0461,0.07420,-2.36771
68.28128,0462,0.07241,-2.26801
68.40970,0463,0.07026,-2.15055
68.57583,0464,0.06812,-2.07206
68.76676,0465,0.06916,-2.02966
68.90627,0466,0.06816,-1.95919
69.08300,0467,0.06678,-1.87382
69.24330,0468,0.06701,-1.83944
69.40434,0469,0.06829,-1.85147
69.57088,0470,0.06785,-1.80793
69.73723,0471,0.06525,-1.71969
69.90033,0472,0.06393,-1.67958
70.09903,0473,0.06125,-1.64234
70.23565,0474,0.06020,-1.60453
70.39870,0475,0.05893,-1.53405
70.56592,0476,0.05914,-1.46702
70.73516,0477,0.05868,-1.36331
70.93430,0478,0.05801,-1.27164
71.06173,0479,0.05536,-1.15189
71.22818,0480,0.05229,-1.03501
71.22818,0481,0.05787,0.82116
71.39958,0482,0.05787,0.82116
71.59260,0483,0.05684,0.82116
71.77129,0484,0.05684,0.82116
71.92396,0485,0.05712,0.83319
72.05121,0486,0.05646,0.91627
72.22205,0487,0.05431,1.01654
72.43313,0488,0.05191,0.92315
72.54946,0489,0.05395,0.65959
72.75771,0490,0.06450,-0.20272
72.88293,0491,0.06513,-0.29553
73.04573,0492,0.06412,-0.27835
73.21542,0493,0.06477,1.75047
73.38024,0494,0.06479,1.75677
73.56847,0495,0.06391,1.78885
73.75606,0496,0.06466,1.92866
73.90904,0497,0.06456,1.93610
74.04105,0498,0.06316,2.07361
74.20992,0499,0.06751,1.45940
74.38120,0500,0.08093,-0.23541
74.54339,0501,0.08093,-0.23541
74.73722,0502,0.08093,-0.23541
74.91005,0503,0.08177,-0.30817
75.07601,0504,0.08177,-0.30817
75.20212,0505,0.09146,-0.30817
75.37679,0506,0.10431,-0.80092
75.53726,0507,0.09585,-0.38094
75.75202,0508,0.09587,-0.37865
75.88324,0509,0.09615,-0.27265
76.06161,0510,0.09600,-0.21421
76.19436,0511,0.09900,-2.32883
76.37463,0512,0.09905,-2.32711
76.56978,0513,0.09899,-2.07845
76.69190,0514,0.09899,-2.07845
76.85829,0515,0.09881,-2.06985
77.05626,0516,0.09881,-2.06985
77.19223,0517,0.09258,-1.71863
77.36187,0518,0.10853,-1.65961
77.52445,0519,0.10899,-1.58169
77.69104,0520,0.10863,-1.51122
77.88643,0521,0.10798,-1.46595
78.02030,0522,0.10587,-1.36397
78.18698,0523,0.10310,-1.24708
78.35901,0524,0.09888,-1.16343
78.53106,0525,0.09737,-1.09640
78.73263,0526,0.09559,-0.95029
78.85365,0527,0.09490,-0.85862
79.04582,0528,0.09406,-0.73028
79.18853,0529,0.09103,-0.66611
79.35671,0530,0.08959,-0.58303
79.52355,0531,0.09050,-0.50224
79.71853,0532,0.09152,-0.47646
79.85654,0533,0.09055,-0.41114
80.02202,0534,0.08892,-0.31603
80.19312,0535,0.08906,-0.69811
80.38864,0536,0.08866,-0.62707
80.52112,0537,0.08952,-0.61332
80.71527,0538,0.08930,-0.58868
80.85441,0539,0.08934,-0.58581
81.02354,0540,0.08934,-0.58581
81.20341,0541,0.09787,-0.67921
81.35864,0542,0.09875,-0.81213
81.52294,0543,0.09956,-0.92615
81.71079,0544,0.10184,-1.07283
81.85569,0545,0.10341,-1.40285
82.02283,0546,0.10784,-1.93169
82.21599,0547,0.11227,-2.24166
82.35802,0548,0.11176,-2.26286
82.52727,0549,0.10908,-2.29667
82.69295,0550,0.10744,-2.21072
82.85768,0551,0.10727,-2.14483
83.02659,0552,0.10803,-2.09441
83.19003,0553,0.11096,-2.09842
83.36390,0554,0.11152,-2.04571
83.52996,0555,0.11180,-2.06003
83.70955,0556,0.11092,-1.97581
83.85721,0557,0.11101,-1.97180
84.03721,0558,0.11134,-1.90362
84.19098,0559,0.11221,-1.88700
84.35980,0560,0.11296,-1.88242
84.52689,0561,0.11223,-1.81194
84.69306,0562,0.11088,-1.74147
84.85781,0563,0.11068,-1.71110
85.02577,0564,0.11090,-1.66355
85.19148,0565,0.11151,-1.55640
85.36386,0566,0.11254,-1.55640
85.52618,0567,0.11391,-1.53234
85.69173,0568,0.11208,-1.45671
85.85808,0569,0.10990,-1.34155
86.02630,0570,0.10645,-1.22695
86.19233,0571,0.10420,-1.17252
86.36396,0572,0.10134,-1.09174
86.52749,0573,0.10024,-1.01095
86.71285,0574,0.10069,-1.11752
86.86244,0575,0.10505,-1.58964
87.02945,0576,0.10979,-1.89388
87.19450,0577,0.11256,-1.99816
87.38542,0578,0.11250,-1.95461
87.38542,0579,0.12367,0.28575
87.55104,0580,0.12367,0.28575
87.71980,0581,0.12367,0.28575
87.88683,0582,0.12367,0.28575
88.06232,0583,0.12367,0.28575
88.24433,0584,0.11619,0.40492
88.38497,0585,0.11420,0.48055
88.55191,0586,0.11401,0.48399
88.72058,0587,0.11012,0.71718
88.88682,0588,0.10771,0.82318
89.05304,0589,0.10664,0.94522
89.22137,0590,0.09934,1.02543
89.38640,0591,0.09804,1.10507
89.47781,0592,0.09775,1.16581
89.64200,0593,0.09877,1.21451
89.81046,0594,0.09929,1.30389
89.98462,0595,0.09778,1.36291
90.17850,0596,0.09765,0.57642
90.30232,0597,0.09594,0.63486
90.46754,0598,0.09314,0.71450
90.66457,0599,0.09326,0.74143
90.84668,0600,0.09378,0.82107
90.96307,0601,0.09454,0.80847
91.12878,0602,0.09973,0.80675
91.29369,0603,0.10053,0.78326
91.46133,0604,0.10480,0.53058
91.62593,0605,0.10842,0.24983
91.79799,0606,0.11189,-0.12660
91.95643,0607,0.11228,-0.16728
92.12866,0608,0.11241,-0.19535
92.32186,0609,0.11394,-0.14493
92.45265,0610,0.11311,-0.08649
92.62369,0611,0.10887,0.04128
92.83404,0612,0.10401,0.18223
92.94955,0613,0.10425,0.19311
93.11307,0614,0.10476,0.14326
93.27898,0615,0.10251,0.25958
93.44597,0616,0.10013,0.35068
93.61142,0617,0.09891,0.44235
93.78723,0618,0.09730,0.53116
93.94127,0619,0.09552,0.65950
94.13804,0620,0.09154,1.12879
94.27167,0621,0.09039,1.19296
94.44062,0622,0.09055,1.21416
94.64606,0623,0.08921,1.29094
94.81369,0624,0.08911,1.31042
94.93653,0625,0.09004,1.37001
95.10321,0626,0.08667,1.44564
95.26586,0627,0.08630,1.49319
95.43346,0628,0.08441,1.56252
95.60169,0629,0.08221,1.71378
95.81057,0630,0.07882,1.88051
95.96547,0631,0.07742,1.94812
96.09265,0632,0.07041,1.99167
96.26617,0633,0.07357,1.88796
96.43096,0634,0.07758,1.54476
96.58863,0635,0.08193,1.30583
96.79005,0636,0.08358,1.31328
96.91899,0637,0.08463,1.28750
97.08492,0638,0.08591,1.15572
97.25467,0639,0.07496,0.33926
97.46085,0640,0.08024,-0.11224
97.58178,0641,0.08277,-0.27553
97.74773,0642,0.08124,-0.28756
97.91151,0643,0.07918,-0.24287
98.07832,0644,0.07798,-0.16437
98.24951,0645,0.07860,-0.13573
98.45353,0646,0.07661,-0.05780
98.57321,0647,0.07342,0.05450
98.74404,0648,0.07183,0.14101
98.90824,0649,0.07149,0.17654
99.07007,0650,0.07109,0.20919
99.23709,0651,0.07222,0.24987
99.40216,0652,0.07406,0.25847
99.57428,0653,0.07323,0.33066
99.73387,0654,0.07111,0.37478
99.89969,0655,0.06924,0.40171
100.06479,0656,0.07113,0.39541
100.25629,0657,0.07380,0.40744
100.44903,0658,0.07153,0.50828
100.56350,0659,0.07027,0.51573
100.72827,0660,0.07175,0.51515
100.89200,0661,0.07418,0.53177
101.08504,0662,0.07153,0.61141
101.22789,0663,0.06861,0.67501
101.41468,0664,0.06586,0.78616
101.60337,0665,0.06260,0.95232
101.76604,0666,0.05809,1.12306
101.88426,0667,0.05506,1.18494
102.08973,0668,0.05440,1.22562
102.21656,0669,0.05405,1.23823
102.42420,0670,0.05047,1.36428
102.54563,0671,0.04923,1.38777
102.71373,0672,0.05049,1.30755
102.88021,0673,0.05138,1.35912
103.05680,0674,0.05088,1.45137
103.21930,0675,0.04837,1.58601
103.37650,0676,0.05048,1.62726
103.37650,0677,0.07868,-1.61393
103.55025,0678,0.07868,-1.61393
103.70870,0679,0.07868,-1.61393
103.87879,0680,0.07868,-1.61393
104.04175,0681,0.07868,-1.61393
104.20951,0682,0.07318,-1.61393
104.40493,0683,0.07369,-1.53658
104.54091,0684,0.07400,-1.40537
104.70758,0685,0.07467,-1.27875
104.89915,0686,0.07494,-1.23177
105.04370,0687,0.07654,-1.16416
105.24454,0688,0.07078,-1.00144
105.37726,0689,0.06773,-0.85476
105.54268,0690,0.06558,-0.80778
105.70702,0691,0.06355,-0.76022
105.87507,0692,0.06143,-0.66855
106.04148,0693,0.06084,-0.64964
106.20911,0694,0.07052,-1.16422
106.37674,0695,0.06973,-1.15506
106.54363,0696,0.06934,-1.20147
106.70823,0697,0.06830,-1.22553
106.87350,0698,0.06822,-1.22610
107.04470,0699,0.06782,-1.19803
107.20786,0700,0.05663,-1.08687
107.37354,0701,0.05598,-1.03015
107.54007,0702,0.05579,-1.04619
107.70677,0703,0.05494,-1.00322
107.87496,0704,0.05296,-0.88405
108.04248,0705,0.05244,-0.83821
108.20645,0706,0.05300,-0.84279
108.37358,0707,0.04851,-0.75570
108.54413,0708,0.04717,-0.59356
108.70745,0709,0.04816,-0.49329
108.87401,0710,0.04890,-0.43256
109.04676,0711,0.04754,-0.29104
109.20798,0712,0.04542,-0.20968
109.39159,0713,0.04788,-0.16785
109.54534,0714,0.04712,-0.09165
109.70911,0715,0.04669,-0.10883
109.87530,0716,0.04592,-0.13175
110.04252,0717,0.04592,-0.13806
110.23392,0718,0.05317,0.94453
110.39176,0719,0.05516,0.69415
110.54145,0720,0.06010,-0.05528
110.70952,0721,0.05959,-0.11544
110.87388,0722,0.05933,-0.14008
111.03961,0723,0.05649,-0.06330
111.20775,0724,0.05767,0.01577
111.39301,0725,0.05845,0.14010
111.54011,0726,0.06147,0.10400
111.70564,0727,0.06236,0.09942
111.87650,0728,0.05911,0.21802
112.06325,0729,0.05743,0.23922
112.20678,0730,0.06938,0.23578
112.39689,0731,0.07006,0.26500
112.54265,0732,0.06904,0.36183
112.71348,0733,0.07025,0.37444
112.87224,0734,0.07035,0.36241
113.04036,0735,0.06734,0.44033
113.21234,0736,0.06362,0.53028
113.38825,0737,0.06342,0.57956
113.53997,0738,0.06289,0.65576
113.70884,0739,0.06217,0.73425
113.87833,0740,0.05963,0.85343
114.03989,0741,0.05974,0.85859
114.22938,0742,0.06038,0.87348
114.37211,0743,0.05905,0.95026
114.55995,0744,0.05657,1.01901
114.64508,0745,0.05559,1.04938
114.84124,0746,0.05730,0.95885
114.95856,0747,0.05748,0.98005
115.12422,0748,0.05578,1.04652
115.32130,0749,0.05452,1.05855
115.45910,0750,0.05614,0.90786
115.67622,0751,0.05665,0.84369
115.82997,0752,0.06547,-0.26785
115.95010,0753,0.06524,-0.28733
116.11585,0754,0.06590,-0.29879
116.31979,0755,0.06638,-0.26097
116.48162,0756,0.06639,-0.25696
116.63428,0757,0.06475,-0.05127
116.78640,0758,0.06475,-0.05127
116.94615,0759,0.06471,-0.04669
117.10890,0760,0.06453,0.17734
117.27560,0761,0.06381,0.25870
117.45767,0762,0.06498,0.27360
117.60764,0763,0.06511,0.34522
117.77577,0764,0.06151,0.51596
117.93691,0765,0.05936,0.63170
118.10629,0766,0.05770,0.70904
118.27252,0767,0.05756,0.72738
118.43854,0768,0.05714,0.78353
118.61893,0769,0.05445,0.88838
118.80978,0770,0.05525,0.90156
118.93223,0771,0.05622,0.94224
119.09678,0772,0.05690,0.96344
119.28331,0773,0.05459,0.86145
119.47039,0774,0.05893,0.29193
119.47039,0775,0.08306,-2.17366
119.59083,0776,0.08306,-2.17366
119.75811,0777,0.08306,-2.17366
119.92173,0778,0.08306,-2.17366
120.12687,0779,0.08911,-1.43657
120.30559,0780,0.08911,-1.43657
120.41830,0781,0.08908,-1.42053
120.58504,0782,0.09045,-1.38672
120.75041,0783,0.09310,-1.35005
120.95110,0784,0.09630,-1.24921
121.13301,0785,0.09972,-1.17702
121.24580,0786,0.10071,-1.17415
121.41484,0787,0.10114,-1.17358
121.57847,0788,0.10101,-1.13978
121.74342,0789,0.10080,-1.16040
121.91370,0790,0.09962,-1.16613
122.07927,0791,0.09747,-1.17702
122.23955,0792,0.09158,-1.19421
122.42638,0793,0.09134,-1.17072
122.57304,0794,0.09081,-1.16212
122.73586,0795,0.08780,-1.15926
122.90631,0796,0.08510,-1.07446
123.07783,0797,0.08417,-0.99654
123.23253,0798,0.06209,-1.68169
123.39946,0799,0.06344,-1.67367
123.60532,0800,0.06402,-1.58200
123.73100,0801,0.06262,-1.50408
123.89928,0802,0.06193,-1.44220
124.10872,0803,0.06271,-1.39693
124.22566,0804,0.04842,-1.32990
124.43713,0805,0.04588,-1.22848
124.55625,0806,0.04547,-1.21187
124.72767,0807,0.04464,-1.14942
124.92206,0808,0.04258,-1.02050
125.05563,0809,0.04237,-0.99013
125.22228,0810,0.02925,-0.85205
125.42383,0811,0.02641,-0.70480
125.55072,0812,0.02407,-0.60625
125.71680,0813,0.02266,-0.54437
125.88592,0814,0.02290,-0.52718
126.08648,0815,0.02875,-1.09670
126.21380,0816,-0.01644,-1.68055
126.38076,0817,0.02030,-2.13662
126.54413,0818,0.02019,-2.16985
126.71871,0819,0.02020,-2.22085
126.87739,0820,-0.01674,-2.07818
127.09420,0821,-0.01271,-1.93952
127.20696,0822,0.03376,-1.67506
127.39299,0823,0.03700,-1.66017
127.53908,0824,0.04074,-1.58454
127.70681,0825,0.04169,-1.49974
127.91463,0826,0.03893,-1.39432
128.06780,0827,0.03901,-1.33129
128.20419,0828,0.03411,-1.26540
128.41403,0829,0.03059,-1.13992
128.53745,0830,0.02761,-1.07460
128.70404,0831,0.02647,-1.00069
128.90089,0832,0.02681,-0.91303
129.03730,0833,0.02574,-0.88266
129.23443,0834,0.02336,-0.78354
129.38085,0835,0.02388,-0.81162
129.53587,0836,0.02437,-0.81735
129.70746,0837,0.02496,-0.78870
129.87248,0838,0.02601,-0.78297
130.03626,0839,0.02658,-0.73370
130.22625,0840,0.02636,-0.69244
130.36972,0841,0.02434,-0.63228
130.54112,0842,0.02463,-0.60421
130.70301,0843,0.02525,-0.56238
130.87320,0844,0.02576,-0.55035
131.05157,0845,0.02667,-0.54290
131.20293,0846,0.02674,-0.56525
131.37350,0847,0.02658,-0.56123
131.53628,0848,0.02653,-0.55837
131.70466,0849,0.02581,-0.35153
131.87338,0850,0.02540,-0.33377
132.03977,0851,0.02529,-0.32804
132.20494,0852,0.02529,-0.32804
132.36961,0853,0.02060,-0.08110
132.53651,0854,0.02082,-0.03354
132.70353,0855,0.02152,-0.01120
132.87278,0856,0.02159,-0.01005
133.05798,0857,0.02035,0.14064
133.20390,0858,0.01877,0.20424
133.37009,0859,0.01792,0.24721
133.54727,0860,0.01672,0.31424
133.71743,0861,0.01478,0.44774
133.86980,0862,0.01464,0.55890
134.06348,0863,0.01507,0.65000
134.20280,0864,0.01283,0.75657
134.37206,0865,0.01248,0.80298
134.53698,0866,0.01445,0.69985
134.70565,0867,0.01838,0.37670
134.88941,0868,0.01936,0.14981
135.06475,0869,0.01753,-0.06391
135.20287,0870,0.01965,-0.34236
135.37161,0871,0.02252,-0.67411
135.37161,0872,-0.03151,0.39535
135.53741,0873,-0.03151,0.39535
135.70343,0874,-0.03151,0.39535
135.89045,0875,-0.03151,0.39535
136.03732,0876,-0.02364,0.39535
136.22268,0877,-0.02364,0.39535
136.37050,0878,-0.02364,0.39535
136.53714,0879,-0.02364,0.39535
136.70339,0880,-0.02412,0.43316
136.87989,0881,-0.02694,0.58786
137.03628,0882,-0.01974,0.66979
137.20537,0883,-0.02027,0.68927
137.37037,0884,-0.02032,0.69042
137.53802,0885,-0.01992,0.79814
137.70352,0886,-0.02142,0.90127
137.87591,0887,-0.02108,0.92934
138.04197,0888,-0.01709,0.95914
138.21774,0889,-0.01542,1.01300
138.36983,0890,-0.01491,1.04050
138.53976,0891,-0.01497,1.12759
138.71415,0892,-0.01606,1.20207
138.90211,0893,-0.01662,1.26051
139.03861,0894,-0.01701,1.30119
139.20437,0895,-0.03006,1.73493
139.38583,0896,-0.03347,1.82488
139.45887,0897,-0.03507,1.86098
139.62897,0898,-0.03587,1.89077
139.78960,0899,-0.03649,1.91140
139.95691,0900,-0.03655,1.95666
140.12393,0901,-0.03370,2.01281
140.31362,0902,-0.03713,2.12626
140.48723,0903,-0.03900,2.19157
140.61872,0904,-0.03976,2.27580
140.78447,0905,-0.04034,2.35544
140.94959,0906,-0.04091,2.38122
141.11517,0907,-0.04723,2.50842
141.28491,0908,-0.04648,2.53707
141.48008,0909,-0.04621,2.60353
141.64947,0910,-0.04562,2.65280
141.77585,0911,-0.04553,2.70151
141.96071,0912,-0.04486,2.71984
142.10822,0913,-0.04116,2.75937
142.31980,0914,-0.04038,2.80349
142.43901,0915,-0.03995,2.81438
142.60658,0916,-0.03941,2.83157
142.77073,0917,-0.03962,2.90147
142.93699,0918,-0.04004,2.95189
143.10614,0919,-0.04251,2.95819
143.27592,0920,-0.04101,2.95762
143.44470,0921,-0.04237,3.05903
143.60577,0922,-0.04283,3.11346
143.76506,0923,-0.04288,3.10659
143.92931,0924,-0.04290,3.16044
144.10073,0925,-0.04112,2.96621
144.29349,0926,-0.04029,2.70895
144.42711,0927,-0.03685,2.23053
144.59319,0928,-0.03383,1.74008
144.75970,0929,-0.02964,1.20093
144.96534,0930,-0.02965,1.13848
145.09087,0931,-0.02937,1.06113
145.30069,0932,-0.02955,1.09665
145.42180,0933,-0.02931,1.12071
145.58607,0934,-0.02947,1.13045
145.75312,0935,-0.03090,1.13618
145.92397,0936,-0.03254,1.18489
146.08444,0937,-0.03366,1.21640
146.25478,0938,-0.03425,1.23244
146.43987,0939,-0.03245,1.22270
146.62129,0940,-0.03226,1.23932
146.74454,0941,-0.03189,1.23301
146.95051,0942,-0.03407,1.30234
147.08038,0943,-0.03501,1.33328
147.29586,0944,-0.03540,1.30349
147.40802,0945,-0.03546,1.31552
147.57215,0946,-0.03535,1.32698
147.73871,0947,-0.03565,1.36766
147.91681,0948,-0.03688,1.40834
148.12278,0949,-0.03809,1.44214
148.27104,0950,-0.03790,1.43928
148.40112,0951,-0.03756,1.48970
148.57597,0952,-0.03767,1.51777
148.73533,0953,-0.03807,1.58023
148.90085,0954,-0.03765,1.57622
149.11174,0955,-0.03760,1.66388
149.22909,0956,-0.03931,1.79108
149.39403,0957,-0.04109,1.85066
149.56172,0958,-0.04043,1.86671
149.72818,0959,-0.04124,1.90395
149.89081,0960,-0.04119,1.91598
150.05723,0961,-0.04143,1.99046
150.22616,0962,-0.04023,1.99906
150.38997,0963,-0.03979,2.05693
150.55866,0964,-0.03940,2.12511
150.74288,0965,-0.04148,2.28210
150.93300,0966,-0.04527,2.37320
151.05774,0967,-0.04651,2.40529
151.21793,0968,-0.04754,2.45227
151.38410,0969,-0.04806,2.52446
151.38410,0970,-0.03467,2.09587
151.56684,0971,-0.03467,2.09587
151.71096,0972,-0.03467,2.09587
151.91741,0973,-0.03467,2.09587
152.04389,0974,-0.04384,2.09587
152.20904,0975,-0.04384,2.09587
152.37292,0976,-0.04384,2.09587
152.54271,0977,-0.04384,2.09587
152.72950,0978,-0.04384,2.09587
152.92643,0979,-0.04383,2.09873
153.03791,0980,-0.04350,2.10045
153.20615,0981,-0.04365,2.10503
153.37210,0982,-0.04362,2.10446
153.54357,0983,-0.04356,2.09930
153.73493,0984,-0.04357,2.09873
153.87251,0985,-0.04360,2.10045
154.04050,0986,-0.03354,3.09429
154.20794,0987,-0.03379,3.10116
154.37321,0988,-0.03364,3.09772
154.53826,0989,-0.03362,3.09772
154.73529,0990,-0.03355,3.09830
154.87143,0991,-0.03337,3.10002
155.04131,0992,-0.03126,3.10575
155.20461,0993,-0.03093,3.10575
155.37092,0994,-0.03074,3.10231
155.55766,0995,-0.03061,3.10231
155.70539,0996,-0.03070,3.10002
155.88344,0997,-0.03066,3.09887
156.03770,0998,-0.01492,3.09543
156.20578,0999,-0.01493,3.09429
156.38059,1000,-0.01502,3.08798
156.54252,1001,-0.01517,3.09429
156.70475,1002,-0.01512,3.08741
156.87130,1003,-0.01512,3.08512
157.04023,1004,-0.01202,2.96553
157.20663,1005,-0.01246,2.98387
157.37938,1006,-0.01263,2.98272
157.54080,1007,-0.01274,2.99475
157.73496,1008,-0.01312,3.02856
157.88684,1009,-0.01446,2.95579
158.03921,1010,-0.00929,3.02970
158.20529,1011,-0.01033,3.07096
158.37379,1012,-0.01131,3.14258
158.54055,1013,-0.01235,3.22451
158.70577,1014,-0.01330,3.26748
158.87918,1015,-0.01520,3.35915
159.03813,1016,-0.01653,3.41072
159.21859,1017,-0.01727,3.50354
159.39037,1018,-0.01755,3.55568
159.53839,1019,-0.01736,3.61469
159.70811,1020,-0.01679,3.56943
159.87558,1021,-0.01499,3.27722
160.03934,1022,-0.00749,2.60743
160.20536,1023,0.00139,1.81274
160.37274,1024,0.00516,1.57038
160.54905,1025,0.00795,1.46324
160.72351,1026,0.00895,1.52282
160.87272,1027,0.00836,1.57955
161.03923,1028,0.00737,1.69070
161.20577,1029,0.00569,1.79842
161.37388,1030,0.00283,1.86373
161.54249,1031,0.00174,1.91415
161.70646,1032,0.00166,1.93249
161.87412,1033,0.00243,1.98062
162.03921,1034,0.00242,2.01385
162.20609,1035,0.00126,2.07859
162.37527,1036,0.00005,2.11755
162.55697,1037,-0.00042,2.19662
162.73956,1038,-0.00104,2.27569
162.89614,1039,-0.00003,2.30262
163.03960,1040,0.00038,2.36851
163.22459,1041,0.00034,2.38684
163.37322,1042,-0.00129,2.45216
163.56327,1043,-0.00341,2.51175
163.72133,1044,-0.00549,2.56446
163.87475,1045,-0.00542,2.36450
164.04015,1046,-0.00217,2.07114
164.20609,1047,-0.00141,2.03906
164.37309,1048,-0.00333,2.08719
164.54369,1049,-0.00473,2.15938
164.62863,1050,-0.00543,2.15537
164.79365,1051,-0.00646,2.22412
164.96181,1052,-0.00636,2.28486
165.12878,1053,-0.00730,2.34846
165.34128,1054,-0.00630,2.31752
165.45514,1055,-0.00563,2.34846
165.62255,1056,-0.00764,2.41664
165.78688,1057,-0.00915,2.17313
165.97773,1058,-0.01287,2.16969
166.16714,1059,-0.01216,2.12844
166.28611,1060,-0.01180,2.14162
166.45023,1061,-0.00732,1.84483
166.61430,1062,-0.00652,1.79784
166.78261,1063,-0.00663,1.73768
166.94880,1064,-0.00717,1.79956
167.11420,1065,-0.00786,1.89124
167.27913,1066,-0.00840,1.94280
167.44627,1067,-0.00741,1.99036
167.44627,1068,0.04406,-0.49720
167.60924,1069,0.04406,-0.49720
167.76983,1070,0.04406,-0.49720
167.93777,1071,0.04406,-0.49720
168.10332,1072,0.04695,1.19865
168.31131,1073,0.04695,1.19865
168.43173,1074,0.04695,1.19865
168.62622,1075,0.04695,1.19865
168.76339,1076,0.04695,1.19865
168.96287,1077,0.04625,1.22959
169.09489,1078,0.05892,1.22730
169.25960,1079,0.05702,1.27543
169.42776,1080,0.05512,1.35507
169.59137,1081,0.05335,1.44846
169.75929,1082,0.05136,1.50690
169.92215,1083,0.04838,1.54414
170.08778,1084,0.06437,1.58024
170.25271,1085,0.06242,1.59285
170.41943,1086,0.06450,1.64384
170.62548,1087,0.06501,1.75213
170.75013,1088,0.06487,1.75900
170.96328,1089,0.06467,1.97100
171.08403,1090,0.07140,1.41787
171.24661,1091,0.06998,1.52788
171.44438,1092,0.06889,1.60522
171.58131,1093,0.06823,1.69518
171.76339,1094,0.06643,1.79602
171.91039,1095,0.06641,1.80576
172.07587,1096,0.06869,1.71466
172.24163,1097,0.07135,1.45855
172.40841,1098,0.07429,1.19671
172.57238,1099,0.07716,0.92169
172.73865,1100,0.07757,0.81855
172.95492,1101,0.07928,0.42035
173.07078,1102,0.08231,0.14762
173.23549,1103,0.08612,-0.16120
173.40144,1104,0.08889,-0.38351
173.56587,1105,0.08942,-0.39497
173.73593,1106,0.09018,-0.39841
173.93607,1107,0.09063,-0.40070
174.06324,1108,0.08702,-0.35372
174.23095,1109,0.08576,-0.31533
174.39470,1110,0.08495,-0.30101
174.60864,1111,0.08390,-0.21735
174.72478,1112,0.08401,-0.18240
174.89057,1113,0.08161,-0.04948
175.09828,1114,0.07965,0.02902
175.22397,1115,0.07903,0.05365
175.43236,1116,0.07754,0.07543
175.55345,1117,0.07570,0.14246
175.77338,1118,0.07752,0.12699
175.88449,1119,0.08066,0.08345
176.04971,1120,0.08310,0.05537
176.21633,1121,0.08283,0.12184
176.40894,1122,0.07980,0.26622
176.59692,1123,0.07897,0.25648
176.71295,1124,0.07905,0.25362
176.88235,1125,0.07902,0.27997
177.04446,1126,0.07868,0.30576
177.20945,1127,0.07931,0.30805
177.37845,1128,0.07942,0.33154
177.59597,1129,0.07607,0.48280
177.70672,1130,0.07429,0.56015
177.87647,1131,0.07449,0.61458
178.04128,1132,0.07565,0.69823
178.20699,1133,0.07431,0.83689
178.37251,1134,0.07183,0.92111
178.53950,1135,0.07231,0.96237
178.73904,1136,0.07288,1.02023
178.87367,1137,0.07252,1.08154
179.03947,1138,0.07035,1.20072
179.20742,1139,0.07126,1.22077
179.37554,1140,0.07188,1.27692
179.54237,1141,0.06946,1.36344
179.72724,1142,0.06812,1.44594
179.87315,1143,0.06793,1.42818
180.04117,1144,0.07105,1.18066
180.20766,1145,0.07788,0.55442
180.40790,1146,0.08704,-0.37033
180.54894,1147,0.08998,-0.58806
180.70873,1148,0.08992,-0.65910
180.87358,1149,0.08750,-0.57660
181.04132,1150,0.08416,-0.47805
181.21128,1151,0.08503,-0.43279
181.38539,1152,0.08580,-0.45456
181.57633,1153,0.08420,-0.38179
181.57633,1154,0.10645,-1.26694
181.74313,1155,0.10645,-1.26694
181.91068,1156,0.10645,-1.26694
182.07588,1157,0.10645,-1.26694
182.24219,1158,0.10645,-1.26694
182.40941,1159,0.09470,-1.03367
182.59650,1160,0.09470,-1.03367
182.74403,1161,0.09470,-1.03367
182.90918,1162,0.09470,-1.03367
183.07888,1163,0.09470,-1.03367
183.24272,1164,0.08675,-1.02737
183.41416,1165,0.08566,-0.94199
183.57859,1166,0.08479,-0.88183
183.74304,1167,0.08333,-0.79646
183.91085,1168,0.08129,-0.69448
184.07614,1169,0.08073,-0.60223
184.26701,1170,0.07717,-0.48936
184.41159,1171,0.07913,-0.46701
184.58237,1172,0.08008,-0.44295
184.74296,1173,0.07774,-0.33810
184.92544,1174,0.07732,-0.32148
185.07897,1175,0.06860,-0.33638
185.24362,1176,0.06923,-0.31174
185.41631,1177,0.06934,-0.22293
185.57675,1178,0.06906,-0.12954
185.75461,1179,0.06839,-0.07454
185.91086,1180,0.06778,0.00912
186.07930,1181,0.06790,1.16898
186.26562,1182,0.06964,1.20794
186.41126,1183,0.06984,1.24633
186.57930,1184,0.06788,1.34373
186.75639,1185,0.06498,1.45660
186.91042,1186,0.06306,1.52880
187.07736,1187,0.06221,1.58953
187.25054,1188,0.06130,1.66058
187.41564,1189,0.06138,1.69839
187.57825,1190,0.06103,1.76199
187.74488,1191,0.06116,1.76715
187.91183,1192,0.06067,1.82845
188.07884,1193,0.06087,1.83877
188.25308,1194,0.06086,1.85023
188.41173,1195,0.06201,1.72876
188.57813,1196,0.06919,1.01829
188.75018,1197,0.07733,0.09354
188.92360,1198,0.07963,-0.23305
189.07833,1199,0.08061,-0.31441
189.24508,1200,0.08094,-0.28691
189.41254,1201,0.08067,-0.22044
189.50124,1202,0.08055,-0.17289
189.68713,1203,0.08075,-0.09668
189.83146,1204,0.08195,-0.08866
190.04203,1205,0.08263,-0.07778
190.16341,1206,0.08491,-0.07262
190.32964,1207,0.08506,-0.08064
190.49694,1208,0.08661,-0.12304
190.69444,1209,0.08551,-0.02277
190.87453,1210,0.08369,0.02536
190.99090,1211,0.08267,0.02249
191.15896,1212,0.08407,-0.03309
191.32423,1213,0.08295,0.05687
191.49064,1214,0.08106,0.10843
191.65481,1215,0.07944,0.20698
191.85923,1216,0.07546,0.33533
191.98528,1217,0.07219,0.40981
192.14965,1218,0.07035,0.42299
192.31473,1219,0.07053,0.37772
192.48181,1220,0.07134,0.34277
192.65276,1221,0.07264,0.29350
192.82779,1222,0.07468,0.27173
193.00788,1223,0.07478,0.27115
193.18316,1224,0.07567,0.27230
193.33417,1225,0.07676,0.38231
193.47998,1226,0.07678,0.38575
193.67026,1227,0.07661,0.58857
193.85477,1228,0.07669,0.59201
193.97165,1229,0.07598,0.74041
194.18493,1230,0.07595,0.77478
194.30576,1231,0.07489,0.84698
194.47404,1232,0.07489,0.85213
194.69196,1233,0.07533,0.87906
194.79959,1234,0.07511,0.91917
195.01037,1235,0.07617,0.93349
195.13067,1236,0.07614,0.93292
195.29759,1237,0.07534,1.00683
195.50395,1238,0.07562,1.09106
195.62848,1239,0.07575,1.08647
195.79584,1240,0.07682,1.10595
195.95934,1241,0.07646,1.10022
196.12442,1242,0.07165,1.15236
196.29106,1243,0.07147,1.15752
196.46057,1244,0.06970,1.12257
196.67215,1245,0.07311,0.76333
196.78768,1246,0.07900,0.32272
196.95272,1247,0.08182,0.25970
197.12504,1248,0.08485,0.22474
197.30100,1249,0.08542,0.29064
197.46479,1250,0.08271,0.45565
197.61583,1251,0.08160,0.51810
197.61583,1252,0.05347,1.68976
197.81782,1253,0.05347,1.68976
197.94347,1254,0.05347,1.68976
198.15047,1255,0.05002,1.68976
198.27521,1256,0.05002,1.68976
198.48613,1257,0.05002,1.68976
198.60912,1258,0.05002,1.68976
198.81039,1259,0.05002,1.68976
198.93887,1260,0.05002,1.68976
199.12735,1261,0.06732,2.07610
199.26843,1262,0.06732,2.07610
199.46210,1263,0.07033,1.77759
199.64082,1264,0.07302,1.42808
199.76624,1265,0.07220,1.42465
199.96633,1266,0.07119,1.48595
200.09888,1267,0.07521,1.59883
200.28327,1268,0.07315,1.76613
200.42854,1269,0.07100,1.87786
200.59650,1270,0.06813,2.01193
200.75826,1271,0.06827,2.09959
200.92449,1272,0.06938,2.21533
201.11661,1273,0.06675,1.59025
201.25823,1274,0.06817,1.62806
201.43671,1275,0.06734,1.71687
201.58997,1276,0.06663,1.80511
201.75296,1277,0.06567,1.86756
201.91957,1278,0.06412,1.94720
202.08919,1279,0.07324,2.03658
202.25380,1280,0.07225,2.08700
202.44714,1281,0.07337,2.07096
202.58047,1282,0.07611,1.79193
202.75080,1283,0.07971,1.44472
202.94525,1284,0.08322,1.34044
203.08490,1285,0.08380,1.33757
203.25193,1286,0.08179,1.44185
203.41652,1287,0.07983,1.54957
203.58081,1288,0.07770,1.66989
203.74790,1289,0.07656,1.75583
203.91359,1290,0.07548,1.78906
204.09227,1291,0.07340,1.87844
204.28453,1292,0.07143,2.00621
204.41367,1293,0.07128,2.09445
204.58065,1294,0.07196,2.10362
204.74725,1295,0.06904,2.12654
204.91632,1296,0.06804,2.08414
205.08509,1297,0.06725,2.17237
205.24726,1298,0.06754,2.18727
205.44483,1299,0.06904,2.00736
205.58190,1300,0.06898,1.86699
205.75737,1301,0.07033,1.50087
205.93622,1302,0.07284,1.15824
206.08501,1303,0.07554,0.86660
206.25362,1304,0.08115,0.56236
206.44214,1305,0.08654,0.41740
206.58202,1306,0.08715,0.43516
206.74867,1307,0.08599,0.53830
206.95085,1308,0.08540,0.61736
207.08162,1309,0.08691,0.63283
207.25079,1310,0.08857,0.71820
207.41787,1311,0.08768,0.81503
207.60140,1312,0.08491,0.90155
207.74853,1313,0.08473,0.91358
207.91654,1314,0.08223,1.03849
208.08888,1315,0.07810,1.17027
208.25679,1316,0.07836,1.15881
208.41496,1317,0.08057,1.21897
208.59950,1318,0.08028,1.25908
208.74919,1319,0.07712,1.35018
208.91669,1320,0.07753,1.36966
209.10609,1321,0.07742,1.42982
209.26675,1322,0.07571,1.49055
209.41538,1323,0.07456,1.55873
209.58231,1324,0.07428,1.65556
209.74995,1325,0.07481,1.67218
209.91571,1326,0.07691,1.32210
210.11555,1327,0.08313,0.66893
210.24908,1328,0.08693,0.35094
210.43554,1329,0.09130,0.17962
210.58269,1330,0.09163,0.24551
210.75116,1331,0.09080,0.39735
210.91747,1332,0.08745,0.54804
211.08314,1333,0.08700,0.62997
211.25792,1334,0.08833,0.75258
211.41590,1335,0.08772,0.87921
211.58526,1336,0.08839,0.92733
211.74972,1337,0.08944,0.97260
211.91737,1338,0.08816,1.09636
212.08830,1339,0.08544,1.15938
212.24987,1340,0.08523,1.16855
212.42082,1341,0.08568,1.20465
212.60942,1342,0.08419,1.32611
212.75010,1343,0.08300,1.40862
212.91705,1344,0.08212,1.43211
213.08473,1345,0.08212,1.44472
213.27036,1346,0.08204,1.56790
213.41695,1347,0.07919,1.67906
213.58493,1348,0.07827,1.72776
213.58493,1349,0.06214,0.49972
213.78333,1350,0.06214,0.49972
213.91963,1351,0.06214,0.49972
214.08653,1352,0.06758,0.49972
214.25172,1353,0.06758,0.49972
214.41734,1354,0.06758,0.49972
214.54810,1355,0.06758,0.49972
214.71290,1356,0.06758,0.49972
214.83603,1357,0.06758,0.49972
215.03706,1358,0.05961,-0.36988
215.16755,1359,0.05961,-0.36988
215.33766,1360,0.05961,-0.36988
215.51540,1361,0.05944,-0.35613
215.66442,1362,0.05919,-0.27592
215.86792,1363,0.05707,-0.23409
216.00556,1364,0.05906,-0.43577
216.16175,1365,0.07367,-0.79845
216.33656,1366,0.07712,-0.88039
216.49505,1367,0.08027,-0.92680
216.66227,1368,0.08245,-0.87466
216.84675,1369,0.08184,-0.76751
216.98882,1370,0.08006,-0.77210
217.15616,1371,0.07338,-0.80418
217.32712,1372,0.07465,-0.78986
217.48995,1373,0.07356,-0.75491
217.69918,1374,0.07281,-0.71881
217.82040,1375,0.07263,-0.71652
217.98259,1376,0.07143,-0.64318
218.14960,1377,0.06851,-0.56182
218.31465,1378,0.06738,-0.59104
218.48265,1379,0.06783,-0.56984
218.64872,1380,0.06926,-0.51828
218.81068,1381,0.07190,-0.54463
218.97988,1382,0.07325,-0.55094
219.15208,1383,0.07307,-0.57844
219.33686,1384,0.07216,-0.52515
219.47339,1385,0.07449,-0.62599
219.64240,1386,0.07777,-0.69704
219.81025,1387,0.07634,-0.59964
219.97012,1388,0.07582,-0.62428
220.13637,1389,0.07685,-0.60881
220.30966,1390,0.07832,-0.61167
220.50843,1391,0.07828,-0.51942
220.63130,1392,0.07735,-0.38936
220.79919,1393,0.07592,-0.28566
220.96715,1394,0.07351,-0.14586
221.14095,1395,0.06992,-0.07137
221.32520,1396,0.07068,-0.03298
221.52077,1397,0.07480,-0.01465
221.62443,1398,0.07641,-0.00032
221.79045,1399,0.07863,-0.30227
221.95585,1400,0.08746,-1.46767
222.13211,1401,0.09902,-2.82443
222.32708,1402,0.10363,-3.26275
222.49465,1403,0.10718,-3.50568
222.61792,1404,0.10711,-3.51084
222.78669,1405,0.10333,-3.34411
222.98427,1406,0.10220,-3.19399
223.12173,1407,0.10138,-3.12294
223.32125,1408,0.10221,-3.05648
223.44827,1409,0.10193,-2.97627
223.61150,1410,0.10091,-2.84678
223.77962,1411,0.09762,-2.73964
223.94383,1412,0.09590,-2.73562
224.11028,1413,0.09537,-2.65598
224.27891,1414,0.09909,-2.58207
224.44284,1415,0.09960,-2.47264
224.60439,1416,0.09798,-2.42336
224.77224,1417,0.09271,-2.26408
224.93941,1418,0.09003,-2.18043
225.10760,1419,0.08910,-2.14662
225.30088,1420,0.09027,-2.10938
225.43355,1421,0.08962,-2.05381
225.59987,1422,0.08708,-1.87619
225.76600,1423,0.08671,-1.77477
225.93253,1424,0.08885,-1.72550
226.10175,1425,0.09069,-1.71461
226.27032,1426,0.09022,-1.64987
226.42621,1427,0.09055,-1.63440
226.59107,1428,0.09216,-1.58799
226.76063,1429,0.09209,-1.49173
226.92197,1430,0.08874,-1.38803
227.13909,1431,0.08840,-1.32271
227.25353,1432,0.08857,-1.24593
227.42190,1433,0.08669,-1.11072
227.58686,1434,0.08481,-1.03394
227.75393,1435,0.08504,-1.05629
227.92078,1436,0.08308,-0.94914
228.08303,1437,0.08096,-0.91591
228.26463,1438,0.07932,-0.87466
228.45278,1439,0.08030,-0.79903
228.58369,1440,0.08137,-0.79101
228.77499,1441,0.08145,-0.72741
228.95499,1442,0.08079,-0.69933
229.08289,1443,0.08162,-0.74975
229.25018,1444,0.08380,-0.81278
229.41821,1445,0.08442,-0.79960
229.58450,1446,0.08282,-0.74574
229.58450,1447,0.07261,-2.53157
229.76056,1448,0.07261,-2.53157
229.91724,1449,0.07261,-2.53157
230.10984,1450,0.08985,-2.53157
230.25245,1451,0.08985,-2.53157
230.41698,1452,0.08985,-2.53157
230.58752,1453,0.08985,-2.53157
230.77240,1454,0.08985,-2.53157
230.93310,1455,0.08985,-2.53157
231.08493,1456,0.08550,-2.53157
231.25118,1457,0.08550,-2.53157
231.41685,1458,0.08550,-2.53157
231.58357,1459,0.08550,-2.53157
231.77952,1460,0.08455,-2.46568
231.91715,1461,0.08300,-2.38489
232.10513,1462,0.08065,-2.87812
232.25046,1463,0.08004,-2.79275
232.41681,1464,0.07963,-2.73202
232.58607,1465,0.07990,-2.67587
232.75656,1466,0.08085,-2.58649
232.91807,1467,0.08119,-2.51716
233.08831,1468,0.07870,-2.35673
233.25000,1469,0.07808,-2.29771
233.42847,1470,0.07935,-2.24500
233.58480,1471,0.07999,-2.23469
233.75286,1472,0.07889,-2.20146
233.93954,1473,0.08009,-2.16422
234.08339,1474,0.08074,-2.09947
234.25055,1475,0.08331,-2.10176
234.41923,1476,0.08224,-2.06108
234.58547,1477,0.08123,-2.01181
234.75551,1478,0.08116,-1.93618
234.91897,1479,0.08225,-1.93847
235.10318,1480,0.08296,-1.90982
235.25039,1481,0.08265,-1.95337
235.41774,1482,0.08124,-1.89836
235.58499,1483,0.07906,-1.82846
235.75081,1484,0.07765,-1.85997
235.92719,1485,0.07641,-1.83247
236.08362,1486,0.07637,-1.85253
236.25199,1487,0.07781,-1.83419
236.41707,1488,0.07993,-1.88920
236.58430,1489,0.07923,-1.79007
236.75064,1490,0.07824,-1.69611
236.92903,1491,0.07634,-1.59355
237.08482,1492,0.07782,-1.59928
237.25000,1493,0.07873,-1.56089
237.42118,1494,0.07291,-1.39416
237.58457,1495,0.06728,-1.28587
237.76675,1496,0.06471,-1.19764
237.91667,1497,0.06577,-1.17987
238.08436,1498,0.06578,-1.05497
238.25000,1499,0.06475,-0.97132
238.41836,1500,0.06333,-0.83381
238.58526,1501,0.06140,-0.66536
238.76587,1502,0.06077,-0.59374
238.94261,1503,0.06119,-0.54446
239.08427,1504,0.06252,-0.53472
239.25048,1505,0.06271,-0.51811
239.41631,1506,0.06400,-0.53587
239.50508,1507,0.06441,-0.56108
239.66965,1508,0.06762,-1.09737
239.83538,1509,0.07771,-2.08629
240.00145,1510,0.08671,-2.77728
240.17013,1511,0.08744,-2.91823
240.34104,1512,0.08647,-2.89359
240.49888,1513,0.08758,-2.77212
240.66308,1514,0.08956,-2.71139
240.82926,1515,0.08812,-2.58419
240.99540,1516,0.08552,-2.43465
241.16505,1517,0.08464,-2.34355
241.33011,1518,0.08411,-2.22266
241.49209,1519,0.08159,-2.10635
241.68358,1520,0.07714,-2.04504
241.82255,1521,0.07737,-2.07541
241.98907,1522,0.07800,-2.06166
242.16005,1523,0.07694,-1.95566
242.32248,1524,0.07359,-1.77346
242.48696,1525,0.07173,-1.65715
242.65769,1526,0.07155,-1.59412
242.81923,1527,0.07105,-1.54943
243.00707,1528,0.06946,-1.43942
243.15082,1529,0.07029,-1.40333
243.36170,1530,0.07393,-1.46177
243.48151,1531,0.07690,-1.66173
243.64437,1532,0.07949,-1.68694
243.81156,1533,0.08058,-1.65829
243.98815,1534,0.08169,-1.68751
244.14177,1535,0.08145,-1.66173
244.34810,1536,0.08022,-1.57006
244.47131,1537,0.07902,-1.57579
244.63774,1538,0.08236,-1.92300
244.80661,1539,0.08782,-2.62831
244.98351,1540,0.09202,-3.20413
245.20004,1541,0.09529,-3.39550
245.30177,1542,0.09621,-3.40352
245.46500,1543,0.09542,-3.27919
245.63021,1544,0.09075,-3.07465
245.63021,1545,0.05903,-0.74967
245.80533,1546,0.05903,-0.74967
245.97712,1547,0.05903,-0.74967
246.12859,1548,0.07647,-0.74967
246.29161,1549,0.07647,-0.74967
246.46975,1550,0.07647,-0.74967
246.62590,1551,0.07647,-0.74967
246.79253,1552,0.07647,-0.74967
247.00002,1553,0.07647,-0.74967
247.12135,1554,0.08229,-0.74967
247.28855,1555,0.08229,-0.74967
247.45100,1556,0.08229,-0.74967
247.62186,1557,0.08229,-0.74967
247.78359,1558,0.08229,-0.74967
247.94912,1559,0.08245,-0.70384
248.12238,1560,0.08274,-0.64482
248.27973,1561,0.08038,-0.65628
248.44429,1562,0.08019,-0.72102
248.61076,1563,0.08315,-0.83963
248.77808,1564,0.08588,-0.93703
248.94404,1565,0.08716,-0.99031
249.10960,1566,0.08752,-1.00578
249.27233,1567,0.08745,-1.07053
249.44047,1568,0.09062,-1.21606
249.60562,1569,0.09387,-1.35242
249.82235,1570,0.09272,-1.49681
249.93403,1571,0.09254,-1.58275
250.10054,1572,0.09361,-1.64750
250.26596,1573,0.09375,-1.68646
250.47333,1574,0.09487,-1.78100
250.60122,1575,0.09491,-1.88642
250.81843,1576,0.09440,-1.98268
250.92774,1577,0.09311,-1.97580
251.13853,1578,0.08953,-1.89330
251.26019,1579,0.08723,-1.83772
251.43105,1580,0.08548,-1.73229
251.63684,1581,0.08417,-1.57187
251.75595,1582,0.08200,-1.50770
251.96389,1583,0.07917,-1.36904
252.09677,1584,0.07957,-1.29398
252.25853,1585,0.08019,-1.18856
252.42035,1586,0.07821,-1.07110
252.60431,1587,0.07705,-0.96224
252.75017,1588,0.07802,-0.89578
252.96635,1589,0.07799,-0.72102
253.08256,1590,0.07728,-0.65571
253.25019,1591,0.07754,-0.59325
253.41671,1592,0.07837,-0.51591
253.59100,1593,0.07670,-0.42882
253.75769,1594,0.07487,-0.33714
253.91628,1595,0.07456,-0.31823
254.09328,1596,0.07646,-0.60586
254.25237,1597,0.07817,-0.99834
254.41838,1598,0.08083,-1.42977
254.58442,1599,0.08098,-1.47733
254.74987,1600,0.08313,-1.49566
254.91921,1601,0.08577,-1.47905
255.08359,1602,0.08704,-1.47618
255.24974,1603,0.08642,-1.41889
255.41791,1604,0.08580,-1.37248
255.58573,1605,0.08664,-1.34096
255.75182,1606,0.08520,-1.28825
255.93975,1607,0.08481,-1.27679
256.10278,1608,0.08763,-1.41831
256.25058,1609,0.08983,-1.53520
256.42050,1610,0.09298,-1.69677
256.61356,1611,0.09324,-1.78329
256.74974,1612,0.09290,-1.79475
256.93916,1613,0.09323,-1.75922
257.08415,1614,0.09179,-1.66755
257.25136,1615,0.09010,-1.54608
257.42075,1616,0.09169,-1.53520
257.58329,1617,0.09208,-1.48535
257.74983,1618,0.08809,-1.35185
257.91690,1619,0.08441,-1.25789
258.08528,1620,0.08298,-1.20460
258.25006,1621,0.08379,-1.17022
258.41692,1622,0.08346,-1.11866
258.58448,1623,0.08269,-1.08543
258.76799,1624,0.08485,-1.10892
258.91699,1625,0.08306,-0.96682
259.08418,1626,0.08013,-0.80697
259.25458,1627,0.07713,-0.74108
259.41702,1628,0.07816,-0.66201
259.59062,1629,0.08150,-0.66430
259.77552,1630,0.08286,-0.60128
259.91799,1631,0.08429,-0.56804
260.08335,1632,0.08500,-0.55200
260.25052,1633,0.08736,-0.52851
260.43497,1634,0.08962,-0.46548
260.58404,1635,0.08990,-0.42366
260.77448,1636,0.08678,-0.32282
260.91843,1637,0.08452,-0.25750
261.10048,1638,0.08274,-0.21739
261.27201,1639,0.08226,-0.15609
261.41723,1640,0.08369,-0.10166
261.58463,1641,0.08428,-0.06384
261.77077,1642,0.08648,-0.46663
261.77077,1643,0.07055,-0.04768
261.92086,1644,0.07055,-0.04768
262.08662,1645,0.07515,-0.04768
262.25551,1646,0.07515,-0.04768
262.42243,1647,0.07515,-0.04768
262.58709,1648,0.07515,-0.04768
262.75509,1649,0.07515,-0.04768
262.91924,1650,0.07515,-0.04768
263.08716,1651,0.07515,-0.04768
263.25408,1652,0.07515,-0.04768
263.42022,1653,0.07515,-0.04768
263.58844,1654,0.07515,-0.04768
263.75619,1655,0.07515,-0.04768
263.92675,1656,0.07515,-0.04768
264.08780,1657,0.07503,-0.03679
264.27497,1658,0.07591,-0.01101
264.42308,1659,0.07652,0.05774
264.50995,1660,0.07605,0.16088
264.67392,1661,0.07540,0.25083
264.84966,1662,0.07411,0.35053
265.05402,1663,0.07403,0.38777
265.17142,1664,0.07297,0.44850
265.33715,1665,0.07257,0.50580
265.50055,1666,0.07716,0.49949
265.66805,1667,0.08120,0.57856
265.83639,1668,0.08220,0.64560
266.05103,1669,0.07703,0.82150
266.16341,1670,0.07434,0.90916
266.33392,1671,0.07320,0.94697
266.49642,1672,0.07262,0.97963
266.66164,1673,0.07185,1.00312
266.83848,1674,0.06980,1.09193
267.04163,1675,0.06915,1.16699
267.15752,1676,0.07010,1.20767
267.32513,1677,0.07157,1.16470
267.48826,1678,0.07247,1.16986
267.65457,1679,0.06932,1.28215
267.82475,1680,0.06774,1.39274
268.03714,1681,0.06790,1.41508
268.15014,1682,0.06716,1.41336
268.31937,1683,0.06647,1.32856
268.48372,1684,0.06659,1.38185
268.64894,1685,0.06586,1.44889
268.83920,1686,0.06747,1.49128
269.02432,1687,0.07011,1.48384
269.14367,1688,0.07086,1.45748
269.31546,1689,0.07074,1.48269
269.47695,1690,0.07318,1.46436
269.64622,1691,0.07772,1.43055
269.85966,1692,0.08000,1.53368
269.97113,1693,0.07770,1.65973
270.13709,1694,0.07530,1.66260
270.30452,1695,0.07532,1.66718
270.47266,1696,0.07624,1.55775
270.64424,1697,0.07909,1.11199
270.83374,1698,0.08885,-0.02591
270.96517,1699,0.09743,-1.12369
271.13040,1700,0.10102,-1.57862
271.30165,1701,0.09826,-1.65425
271.46758,1702,0.09619,-1.57690
271.63110,1703,0.09291,-1.48122
271.79511,1704,0.09147,-1.37179
271.95915,1705,0.08858,-1.33168
272.16456,1706,0.08783,-1.25605
272.28986,1707,0.08746,-1.11567
272.45625,1708,0.08752,-1.00567
272.62173,1709,0.08823,-0.95926
272.80373,1710,0.08785,-0.93061
272.99446,1711,0.08839,-0.86930
273.11958,1712,0.08777,-0.85670
273.28581,1713,0.08864,-0.81143
273.45019,1714,0.08843,-0.71059
273.61499,1715,0.08700,-0.58053
273.79801,1716,0.08468,-0.44875
273.94618,1717,0.08293,-0.38916
274.14846,1718,0.08085,-0.28202
274.27964,1719,0.07950,-0.23561
274.46281,1720,0.08116,-0.20467
274.64351,1721,0.08217,-0.07404
274.77306,1722,0.08072,0.03368
274.98805,1723,0.07659,0.17864
275.14803,1724,0.07647,0.18150
275.27081,1725,0.07683,0.24968
275.48194,1726,0.07462,0.39178
275.60334,1727,0.07247,0.44220
275.78694,1728,0.07360,0.45538
275.94629,1729,0.07723,0.39579
276.09850,1730,0.07871,0.42444
276.28172,1731,0.08111,0.40725
276.48205,1732,0.08176,0.51898
276.59428,1733,0.08048,0.59117
276.76613,1734,0.07973,0.64273
276.97076,1735,0.08185,0.60492
277.09372,1736,0.08644,0.34308
277.26126,1737,0.09136,-0.03221
277.42689,1738,0.09545,-0.45906
277.59255,1739,0.09574,-0.75242
277.75856,1740,0.09386,-0.91227
277.75856,1741,0.13061,-0.43616
277.90017,1742,0.13061,-0.43616
278.06456,1743,0.13144,-0.43616
278.24228,1744,0.13144,-0.43616
278.39723,1745,0.13144,-0.43616
278.56334,1746,0.13144,-0.43616
278.73121,1747,0.13144,-0.43616
278.89564,1748,0.13144,-0.43616
279.06308,1749,0.13144,-0.43616
279.26484,1750,0.13144,-0.43616
279.41006,1751,0.13144,-0.43616
279.56913,1752,0.13144,-0.43616
279.72886,1753,0.13144,-0.43616
279.89581,1754,0.13144,-0.43616
280.06235,1755,0.13144,-0.43616
280.24242,1756,0.13144,-0.43616
280.39675,1757,0.13340,-0.39433
280.56261,1758,0.13251,-0.24594
280.73709,1759,0.12911,-0.11645
280.89620,1760,0.12816,-0.09582
281.06407,1761,0.12837,-0.17546
281.23132,1762,0.13097,-0.34792
281.39582,1763,0.12986,-0.54846
281.56392,1764,0.12992,-0.86072
281.72987,1765,0.13194,-1.26179
281.90389,1766,0.13466,-1.74651
282.07427,1767,0.13994,-2.21233
282.23101,1768,0.14791,-2.66611
282.39731,1769,0.15308,-2.89587
282.56433,1770,0.15269,-2.88498
282.73133,1771,0.15263,-2.82138
282.89703,1772,0.15250,-2.76867
283.06367,1773,0.15138,-2.69247
283.23105,1774,0.14949,-2.60538
283.42334,1775,0.14798,-2.57157
283.56360,1776,0.14907,-2.56126
283.74701,1777,0.15183,-2.49193
283.89832,1778,0.15401,-2.40942
284.06383,1779,0.15548,-2.36989
284.23229,1780,0.15695,-2.34182
284.41771,1781,0.16044,-2.23983
284.57933,1782,0.16240,-2.15159
284.72961,1783,0.16254,-2.07023
284.89951,1784,0.15958,-1.95278
285.08461,1785,0.15698,-1.90981
285.23129,1786,0.15217,-1.77516
285.39928,1787,0.15020,-1.71844
285.56313,1788,0.15085,-1.69208
285.73612,1789,0.15108,-1.68062
285.90352,1790,0.15245,-1.67260
286.06335,1791,0.15242,-1.62848
286.25802,1792,0.15105,-1.50702
286.42153,1793,0.15056,-1.42050
286.56479,1794,0.14906,-1.29445
286.73238,1795,0.14526,-1.16496
286.89643,1796,0.14229,-1.13689
287.06719,1797,0.14705,-1.64625
287.23200,1798,0.15020,-2.13555
287.39837,1799,0.15216,-2.47016
287.58299,1800,0.15097,-2.47532
287.74749,1801,0.15397,-2.51829
287.89708,1802,0.15638,-2.48735
288.06420,1803,0.15708,-2.39510
288.24828,1804,0.15372,-2.22493
288.41487,1805,0.15031,-2.14758
288.58683,1806,0.14843,-2.04789
288.73195,1807,0.14748,-1.95507
288.89752,1808,0.14872,-2.03299
289.06540,1809,0.15143,-2.39166
289.23270,1810,0.15326,-2.73601
289.41913,1811,0.15308,-2.68387
289.51142,1812,0.15323,-2.68158
289.69247,1813,0.15474,-2.64606
289.85288,1814,0.15455,-2.54865
289.98269,1815,0.15398,-2.43349
290.14755,1816,0.15463,-2.39739
290.31478,1817,0.15536,-2.28395
290.47926,1818,0.15425,-2.19056
290.68412,1819,0.15274,-2.11779
290.81018,1820,0.15142,-2.07940
290.98072,1821,0.15064,-2.03013
291.18877,1822,0.14981,-1.98601
291.30709,1823,0.15029,-1.96023
291.47435,1824,0.14899,-1.86855
291.68634,1825,0.14786,-1.91210
291.80363,1826,0.15057,-2.33208
291.99903,1827,0.15839,-3.20641
292.18052,1828,0.16783,-4.01600
292.30183,1829,0.16859,-4.04579
292.47174,1830,0.17114,-4.12085
292.64562,1831,0.16536,-3.88135
292.82696,1832,0.16315,-3.70546
292.96740,1833,0.16326,-3.67337
293.18082,1834,0.16345,-3.57482
293.29539,1835,0.16264,-3.40924
293.50511,1836,0.16065,-3.32272
293.62737,1837,0.16068,-3.25053
293.83751,1838,0.16044,-3.09755
293.83751,1839,0.12760,-0.21752
294.00566,1840,0.12760,-0.21752
294.16937,1841,0.12760,-0.21752
294.33867,1842,0.12760,-0.21752
294.50198,1843,0.12760,-0.21752
294.67024,1844,0.12760,-0.21752
294.83374,1845,0.12760,-0.21752
294.99601,1846,0.12760,-0.21752
295.17416,1847,0.12760,-0.21752
295.36996,1848,0.12760,-0.21752
295.49679,1849,0.12760,-0.21752
295.70368,1850,0.12760,-0.21752
295.82364,1851,0.12760,-0.21752
295.99081,1852,0.12760,-0.21752
296.15551,1853,0.12760,-0.21752
296.33441,1854,0.12760,-0.21752
296.51096,1855,0.12721,-0.18887
296.65199,1856,0.12639,-0.06282
296.84258,1857,0.12564,0.05521
297.00640,1858,0.12435,0.16521
297.17249,1859,0.12114,-1.50441
297.35890,1860,0.11985,-1.40128
297.48029,1861,0.11894,-1.32450
297.64920,1862,0.11647,-1.21392
297.81073,1863,0.11420,-1.10850
297.98087,1864,0.11112,-1.00250
298.14220,1865,0.10961,-0.92630
298.32121,1866,0.11010,-0.99333
298.47686,1867,0.11545,-1.30101
298.67773,1868,0.12171,-1.64536
298.80562,1869,0.11999,-1.53191
298.97048,1870,0.11859,-1.42592
299.13859,1871,0.11743,-1.38065
299.30249,1872,0.12009,0.13943
299.46760,1873,0.11824,0.20761
299.63462,1874,0.11759,0.24600
299.80588,1875,0.12041,0.12396
299.96788,1876,0.12254,-0.07314
300.13976,1877,0.12106,-0.14762
300.30374,1878,0.11624,-1.78802
300.51009,1879,0.11731,-1.72500
300.62600,1880,0.11916,-1.66770
300.79293,1881,0.11979,-1.53936
300.95840,1882,0.11818,-1.36805
301.12756,1883,0.11833,-1.30617
301.30220,1884,0.11707,-1.18527
301.45529,1885,0.11687,-1.07641
301.62163,1886,0.11492,-0.82717
301.78863,1887,0.11331,-0.68393
301.95376,1888,0.11195,-0.58768
302.13979,1889,0.11278,-0.90624
302.31752,1890,0.11598,-1.48378
302.48940,1891,0.11980,-1.99658
302.61600,1892,0.11797,-1.97080
302.78007,1893,0.11624,-1.91465
302.99908,1894,0.11248,-1.72901
303.11373,1895,0.11162,-1.63734
303.31218,1896,0.11171,-1.49639
303.44648,1897,0.11168,-1.39727
303.61353,1898,0.10960,-1.29872
303.78006,1899,0.10930,-1.19559
303.94677,1900,0.10910,-1.11308
304.11903,1901,0.10489,-0.97041
304.28017,1902,0.10162,-0.85640
304.47037,1903,0.10087,-0.81514
304.61297,1904,0.10487,-1.28611
304.77960,1905,0.11272,-2.11977
304.94649,1906,0.11828,-2.52370
305.12433,1907,0.11945,-2.64230
305.28249,1908,0.11805,-2.52370
305.45431,1909,0.11605,-2.32202
305.61310,1910,0.11406,-2.16388
305.77988,1911,0.11365,-2.06648
305.94926,1912,0.11367,-1.98627
306.11431,1913,0.11132,-1.87053
306.28078,1914,0.10853,-1.78860
306.47054,1915,0.11087,-1.78000
306.61290,1916,0.11305,-1.76797
306.78121,1917,0.11290,-1.70036
306.94786,1918,0.11118,-1.58119
307.11558,1919,0.11084,-1.55884
307.28005,1920,0.11088,-1.50212
307.44747,1921,0.11130,-1.42821
307.61480,1922,0.11171,-1.34570
307.78110,1923,0.11276,-1.35773
307.94795,1924,0.11328,-1.49811
308.11392,1925,0.11297,-1.76740
308.28010,1926,0.11202,-2.07450
308.45047,1927,0.11023,-2.26931
308.61451,1928,0.10785,-2.23092
308.78034,1929,0.10558,-2.12263
308.95888,1930,0.10499,-2.02179
309.11441,1931,0.10454,-1.94444
309.28771,1932,0.10238,-1.83386
309.44716,1933,0.10018,-1.69521
309.61399,1934,0.09874,-1.57546
309.78186,1935,0.09727,-1.51186
309.78186,1936,0.11833,-1.92568
309.95138,1937,0.11833,-1.92568
310.11484,1938,0.11833,-1.92568
310.28265,1939,0.11833,-1.92568
310.44856,1940,0.11833,-1.92568
310.61534,1941,0.11833,-1.92568
310.78155,1942,0.11833,-1.92568
310.95889,1943,0.11833,-1.92568
311.12335,1944,0.11833,-1.92568
311.31634,1945,0.11833,-1.92568
311.44934,1946,0.11833,-1.92568
311.61553,1947,0.11833,-1.92568
311.78538,1948,0.11833,-1.92568
311.95030,1949,0.11833,-1.92568
312.12124,1950,0.11833,-1.92568
312.28635,1951,0.11833,-1.92568
312.44843,1952,0.11833,-1.92568
312.61519,1953,0.11833,-1.92568
312.78187,1954,0.11733,-2.04772
312.95650,1955,0.11851,-2.25054
313.13824,1956,0.11999,-2.40008
313.28255,1957,0.12007,-2.41212
313.44861,1958,0.12063,-2.48488
313.62152,1959,0.12137,-2.46941
313.78339,1960,0.12254,-2.48259
313.96276,1961,0.12323,-2.49176
314.12980,1962,0.12217,-2.34222
314.30073,1963,0.11933,-2.20012
314.44878,1964,0.11896,-2.19726
314.57631,1965,0.11839,-2.14626
314.70458,1966,0.11706,-2.01620
314.87072,1967,0.11702,-2.00704
315.03403,1968,0.11464,-1.77728
315.21663,1969,0.11373,-1.59164
315.36820,1970,0.11374,-1.58935
315.58079,1971,0.11644,-1.48908
315.69654,1972,0.11655,-1.48393
315.86328,1973,0.11584,-1.33782
316.03150,1974,0.11576,-1.33496
316.19412,1975,0.11213,-1.21807
316.36157,1976,0.11193,-1.19401
316.57692,1977,0.11358,-1.56643
316.68941,1978,0.11381,-1.86781
316.90469,1979,0.11598,-2.28148
317.02304,1980,0.11564,-2.34966
317.18732,1981,0.11346,-2.33706
317.35564,1982,0.11100,-2.24596
317.57059,1983,0.10855,-2.04313
317.68382,1984,0.10746,-1.95547
317.85071,1985,0.10715,-1.87640
318.01621,1986,0.10802,-1.79962
318.18242,1987,0.10877,-1.74691
318.34637,1988,0.10983,-1.71024
318.51467,1989,0.11005,-1.62946
318.68207,1990,0.10773,-1.52862
318.88070,1991,0.10585,-1.44095
319.00841,1992,0.10555,-1.39282
319.17525,1993,0.10358,-1.29829
319.34218,1994,0.10071,-1.14874
319.51026,1995,0.09869,-1.05421
319.67366,1996,0.09647,-0.97399
319.83854,1997,0.09359,-0.84450
320.00332,1998,0.09219,-0.80096
320.17209,1999,0.08965,-0.74252
320.33362,2000,0.08758,-0.97800
320.53213,2001,0.08824,-1.38366
320.66533,2002,0.09037,-1.65123
320.83106,2003,0.08953,-1.67701
320.99800,2004,0.08766,-1.67587
321.17297,2005,0.08719,-1.63404
321.32712,2006,0.08879,-1.60482
321.52129,2007,0.09218,-1.59107
321.66136,2008,0.09454,-1.56185
321.82447,2009,0.09538,-1.45299
321.99328,2010,0.09507,-1.40486
322.15804,2011,0.09468,-1.34527
322.34651,2012,0.09282,-1.27537
322.48968,2013,0.09084,-1.18885
322.65191,2014,0.09194,-1.16421
322.83140,2015,0.09328,-1.08629
322.98378,2016,0.09252,-1.02613
323.17854,2017,0.08951,-0.87716
323.36701,2018,0.08732,-0.77690
323.47963,2019,0.08537,-0.72533
323.69108,2020,0.08186,-0.60730
323.81268,2021,0.07968,-0.63480
323.98298,2022,0.07977,-0.96311
324.19272,2023,0.08824,-1.85864
324.31159,2024,0.09349,-2.42014
324.47363,2025,0.09367,-2.60520
324.63868,2026,0.09311,-2.65792
324.80852,2027,0.09453,-2.60864
324.99593,2028,0.09497,-2.49978
325.13804,2029,0.09562,-2.42128
325.30298,2030,0.09498,-2.38232
325.50300,2031,0.09513,-2.29581
325.63206,2032,0.09659,-2.24424
325.80073,2033,0.09712,-2.10501
326.01016,2034,0.09952,-2.01219
326.01016,2035,0.06699,1.49101
326.14265,2036,0.06699,1.49101
326.32512,2037,0.06699,1.49101
326.47425,2038,0.06699,1.49101
326.64340,2039,0.06699,1.49101
326.80820,2040,0.06699,1.49101
326.97323,2041,0.06699,1.49101
327.14193,2042,0.06699,1.49101
327.31361,2043,0.06699,1.49101
327.46848,2044,0.06699,1.49101
327.63608,2045,0.06699,1.49101
327.79946,2046,0.06699,1.49101
327.96866,2047,0.06699,1.49101
328.13449,2048,0.06699,1.49101
328.29847,2049,0.06699,1.49101
328.46539,2050,0.06699,1.49101
328.63218,2051,0.06699,1.49101
328.80283,2052,0.06699,1.49101
329.00555,2053,0.06737,1.50247
329.13174,2054,0.06862,1.54945
329.29876,2055,0.07031,1.65659
329.46576,2056,0.07098,1.71160
329.63394,2057,0.07248,1.76832
329.80143,2058,0.07313,1.88807
329.96594,2059,0.07175,1.96599
330.16641,2060,0.07091,2.10694
330.29889,2061,0.07069,2.14533
330.46697,2062,0.06949,2.23413
330.64876,2063,0.06785,2.30346
330.79922,2064,0.06637,2.29429
330.96901,2065,0.06542,2.32695
331.15499,2066,0.06560,2.36878
331.29900,2067,0.06431,2.41920
331.46574,2068,0.06281,2.45701
331.66720,2069,0.06241,2.51546
331.79923,2070,0.06212,2.55614
331.99800,2071,0.06200,2.61057
332.13345,2072,0.06165,2.58020
332.29973,2073,0.06315,2.36362
332.46617,2074,0.06555,2.06339
332.63467,2075,0.06885,1.68753
332.80184,2076,0.06862,1.62794
332.99108,2077,0.06603,1.65201
333.13267,2078,0.06437,1.68409
333.30002,2079,0.06143,1.79869
333.46836,2080,0.05956,1.89666
333.63332,2081,0.06072,1.96943
333.80008,2082,0.06028,2.04678
333.96692,2083,0.05779,2.12585
334.15180,2084,0.05464,2.19575
334.30393,2085,0.05459,2.22955
334.46720,2086,0.05586,2.28169
334.63425,2087,0.05697,2.33039
334.80007,2088,0.05747,2.37279
334.96911,2089,0.05693,2.37222
335.14047,2090,0.05829,2.16309
335.30030,2091,0.05972,1.94766
335.46916,2092,0.05994,1.70644
335.63352,2093,0.06261,1.41767
335.80142,2094,0.06520,1.23661
335.96778,2095,0.06569,1.26011
336.13529,2096,0.06572,1.30422
336.30127,2097,0.06452,1.38902
336.46952,2098,0.06264,1.48528
336.63566,2099,0.06101,1.58784
336.80124,2100,0.06091,1.66461
336.98746,2101,0.06290,1.71618
337.13547,2102,0.06326,1.75858
337.30096,2103,0.06017,1.79811
337.46777,2104,0.05527,1.88749
337.63463,2105,0.05202,1.95682
337.80681,2106,0.04924,2.03245
337.97273,2107,0.04699,2.12527
338.13515,2108,0.04457,2.19517
338.30740,2109,0.04332,2.24502
338.47015,2110,0.04383,2.27768
338.63671,2111,0.04544,2.31091
338.81039,2112,0.04860,2.33555
338.97844,2113,0.04961,2.41920
339.13522,2114,0.04691,2.49368
339.32095,2115,0.04393,2.54296
339.47074,2116,0.04335,2.61057
339.66380,2117,0.04106,2.68104
339.72587,2118,0.04046,2.71084
339.89163,2119,0.03860,2.75438
340.08660,2120,0.03809,2.82142
340.22299,2121,0.03860,2.79850
340.38995,2122,0.03842,2.84720
340.55022,2123,0.03651,2.88731
340.71583,2124,0.03546,2.96867
340.88137,2125,0.03415,3.03799
341.04869,2126,0.03097,3.15373
341.21990,2127,0.03165,3.14628
341.42681,2128,0.03459,3.17550
341.54526,2129,0.03580,3.10446
341.70975,2130,0.03604,2.94288
341.89545,2131,0.03961,2.53494
341.89545,2132,0.00000,49.21776
342.05830,2133,0.00000,49.21776
342.27301,2134,0.00000,49.21776
342.39169,2135,0.00000,49.21776
342.55637,2136,0.00000,49.21776
342.72077,2137,0.00000,49.21776
342.88649,2138,0.00000,49.21776
343.05190,2139,0.00000,49.21776
343.21834,2140,0.00000,49.21776
343.38644,2141,0.00000,49.21776
343.55144,2142,0.00000,49.21776
343.71694,2143,0.00000,49.21776
343.88838,2144,0.00000,49.21776
344.04790,2145,0.00000,49.21776
344.24520,2146,0.00000,49.21776
344.38024,2147,0.00000,49.21776
344.54372,2148,0.00000,49.21776
344.71049,2149,0.00000,49.21776
344.89501,2150,0.00000,49.22750
345.09275,2151,0.00000,49.41257
345.20761,2152,0.00000,49.44294
345.37253,2153,0.00000,49.48476
345.53819,2154,0.00000,49.48133
345.70343,2155,0.00000,49.55409
345.88061,2156,0.00000,49.58045
346.04003,2157,0.00000,49.59420
346.19891,2158,0.00000,49.63087
346.36642,2159,0.00000,49.58446
346.53164,2160,0.00000,49.56784
346.69705,2161,0.00000,49.57529
346.86208,2162,0.00000,49.66123
347.02732,2163,0.00000,49.76093
347.19409,2164,0.00000,49.75348
347.36091,2165,0.00000,49.79531
347.54627,2166,0.00000,49.85260
347.68957,2167,0.00000,49.87552
347.85504,2168,0.00000,49.93511
348.06955,2169,0.00000,50.00272
348.22882,2170,0.00000,50.05428
348.35503,2171,0.00000,50.06975
348.56587,2172,0.00000,50.03824
348.68424,2173,0.00000,50.02678
348.84962,2174,0.00000,50.04053
349.06127,2175,0.00000,50.01589
349.18093,2176,0.00000,49.98954
349.34852,2177,0.00000,49.97693
349.51265,2178,0.00000,49.99871
349.68357,2179,0.00000,49.67327
349.85394,2180,0.00000,49.15932
350.01036,2181,0.00000,48.46891
350.21983,2182,0.00000,48.35260
350.34369,2183,0.00000,48.37208
350.53479,2184,0.00000,48.55714
350.71635,2185,0.00000,48.75367
350.84635,2186,0.00000,48.88316
351.00515,2187,0.00000,48.94446
351.16933,2188,0.00000,48.94618
351.33270,2189,0.00000,48.97999
351.49973,2190,0.00000,49.04989
351.66864,2191,0.00000,49.18396
351.83233,2192,0.00000,49.23152
352.00870,2193,0.00000,49.24985
352.16179,2194,0.00000,49.26933
352.32906,2195,0.00000,49.36673
352.49563,2196,0.00000,49.36731
352.66353,2197,0.00000,49.39194
352.83299,2198,0.00000,49.42231
352.99014,2199,0.00000,49.50424
353.16118,2200,0.00000,49.63087
353.32413,2201,0.00000,49.70650
353.49130,2202,0.00000,49.76322
353.65782,2203,0.00000,49.83771
353.82462,2204,0.00000,49.91448
353.99094,2205,0.00000,49.94370
354.16000,2206,0.00000,49.92709
354.32439,2207,0.00000,49.94428
354.49114,2208,0.00000,49.96261
354.68332,2209,0.00000,49.98266
354.82626,2210,0.00000,50.03366
354.99261,2211,0.00000,50.09153
355.15746,2212,0.00000,50.14252
355.32407,2213,0.00000,50.19867
355.49159,2214,0.00000,50.20612
355.66041,2215,0.00000,50.20153
355.82959,2216,0.00000,50.22502
355.99440,2217,0.00000,50.22216
356.15785,2218,0.00000,50.26914
356.32450,2219,0.00000,50.24393
356.49177,2220,0.00000,50.29493
356.69096,2221,0.00000,50.32128
356.82593,2222,0.00000,50.32243
356.99363,2223,0.00000,50.38488
357.15798,2224,0.00000,50.49775
357.33236,2225,0.00000,50.56020
357.49136,2226,0.00000,50.71032
357.66148,2227,0.00000,50.84439
357.83253,2228,0.00000,50.96758
357.83253,2229,0.00000,51.74909
357.99950,2230,0.00000,51.74909
358.16617,2231,0.00000,51.74909
358.34024,2232,0.00000,51.74909
358.50230,2233,0.00000,51.74909
358.66691,2234,0.00000,51.74909
358.83393,2235,0.00000,51.74909
358.99971,2236,0.00000,51.74909
359.16935,2237,0.00000,51.74909
359.33543,2238,0.00000,51.74909
359.52336,2239,0.00000,51.74909
359.66620,2240,0.00000,51.74909
359.83683,2241,0.00000,51.74909
360.00202,2242,0.00000,51.74909
360.18214,2243,0.00000,51.74909
360.34134,2244,0.00000,51.74909
360.52298,2245,0.00000,51.74909
360.66952,2246,0.00000,51.74909
360.85172,2247,0.00000,51.74909
361.01537,2248,0.00000,51.74909
361.16678,2249,0.00000,51.79436
361.35851,2250,0.00000,51.85051
361.51907,2251,0.00000,51.83847
361.67015,2252,0.00000,51.84019
361.83568,2253,0.00000,51.83790
362.00188,2254,0.00000,51.82931
362.16936,2255,0.00000,51.82644
362.35549,2256,0.00000,51.81899
362.50471,2257,0.00000,51.80639
362.66892,2258,0.00000,51.79894
362.83374,2259,0.00000,51.78576
363.00087,2260,0.00000,51.77545
363.16796,2261,0.00000,51.76857
363.33948,2262,0.00000,51.76514
363.50285,2263,0.00000,51.76399
363.66857,2264,0.00000,51.75826
363.83670,2265,0.00000,51.75769
364.00316,2266,0.00000,51.75196
364.16867,2267,0.00000,51.75711
364.33486,2268,0.00000,51.75654
364.50373,2269,0.00000,51.74737
364.59275,2270,0.00000,51.74680
