Time(Sec),Frame,LO(m),AO(deg)
0.00000,0001,0.00000,50.35583
0.02167,0002,0.00000,50.34265
0.03911,0003,0.00000,50.34379
0.03937,0004,0.00000,50.34379
0.03959,0005,0.00000,50.34379
0.05613,0006,0.00000,50.34379
0.05880,0007,0.00000,50.34265
0.06560,0008,0.00000,50.34265
0.09203,0009,0.00000,50.33921
0.10127,0010,0.00000,50.33921
0.10280,0011,0.00000,50.33921
0.12711,0012,0.00000,50.34093
0.13073,0013,0.00000,50.34093
0.13118,0014,0.00000,50.34150
0.13243,0015,0.00000,50.34150
0.13337,0016,0.00000,50.34150
0.13404,0017,0.00000,50.34150
0.13486,0018,0.00000,50.34150
0.13683,0019,0.00000,50.34150
0.13928,0020,0.00000,50.34150
0.14179,0021,0.00000,50.34150
0.14664,0022,0.00000,50.34150
0.15342,0023,0.00000,50.34150
0.15427,0024,0.00000,50.34150
0.15557,0025,0.00000,50.34150
0.15749,0026,0.00000,50.34036
0.15913,0027,0.00000,50.34036
0.18087,0028,0.00000,50.34207
0.18204,0029,0.00000,50.34207
0.18297,0030,0.00000,50.34207
0.18390,0031,0.00000,50.34207
0.18474,0032,0.00000,50.34207
0.18763,0033,0.00000,50.34207
0.21404,0034,0.00000,50.34207
0.23219,0035,0.00000,50.34150
0.23470,0036,0.00000,50.34150
0.23676,0037,0.00000,50.34150
0.24719,0038,0.00000,50.33978
0.24828,0039,0.00000,50.33978
0.25131,0040,0.00000,50.33978
0.25244,0041,0.00000,50.33978
0.25351,0042,0.00000,50.33978
0.26161,0043,0.00000,50.33978
0.26181,0044,0.00000,50.33978
0.26690,0045,0.00000,50.33978
0.26748,0046,0.00000,50.33978
0.26980,0047,0.00000,50.33978
0.27096,0048,0.00000,50.33978
0.51822,0049,0.00000,50.33692
0.67027,0050,0.00000,50.32718
0.83996,0051,0.00000,50.32489
0.99536,0052,0.00000,50.31973
1.16578,0053,0.00000,50.31916
1.33391,0054,0.00000,50.32259
1.51692,0055,0.00000,50.32030
1.66206,0056,0.00000,50.32087
1.82862,0057,0.00000,50.31744
2.01986,0058,0.00000,50.31801
2.16135,0059,0.00000,50.31572
2.35191,0060,0.00000,50.31457
2.52301,0061,0.00000,50.31973
2.66029,0062,0.00000,50.31973
2.82745,0063,0.00000,50.31343
3.00647,0064,0.00000,50.31457
3.16102,0065,0.00000,50.31285
3.34710,0066,0.00000,50.30770
3.49414,0067,0.00000,50.30770
3.68004,0068,0.00000,50.30999
3.83775,0069,0.00000,50.31113
3.99391,0070,0.00000,50.31285
4.16074,0071,0.00000,50.31171
4.32768,0072,0.00000,50.32374
4.49495,0073,0.00000,50.33463
4.66513,0074,0.00000,50.34150
4.82694,0075,0.00000,50.34723
4.99365,0076,0.00000,50.35468
5.16033,0077,0.00000,50.35812
5.32798,0078,0.00000,50.35525
5.49615,0079,0.00000,50.35926
5.66032,0080,0.00000,50.36614
5.82734,0081,0.00000,50.36958
5.99398,0082,0.00000,50.38562
6.16185,0083,0.00000,50.38963
6.32744,0084,0.00000,50.39765
6.49677,0085,0.00000,50.38906
6.66074,0086,0.00000,50.38963
6.82801,0087,0.00000,50.38734
6.99727,0088,0.00000,50.38161
7.16069,0089,0.00000,50.38676
7.32830,0090,0.00000,50.38505
7.50168,0091,0.00000,50.38848
7.66121,0092,0.00000,50.39593
7.85161,0093,0.00000,50.39708
8.01317,0094,0.00000,50.40625
8.16070,0095,0.00000,50.40911
8.32822,0096,0.00000,50.41197
8.51531,0097,0.00000,50.41656
8.66353,0098,0.00000,50.41312
8.83046,0099,0.00000,50.42057
8.83046,0100,0.00000,50.42000
8.98194,0101,0.00000,50.42286
9.17201,0102,0.00000,50.41770
9.31822,0103,0.00000,50.41427
9.40712,0104,0.00000,50.41656
9.57663,0105,0.00000,50.42687
9.74441,0106,0.00000,50.42286
9.92354,0107,0.00000,50.42515
10.11270,0108,0.00000,50.43031
10.23117,0109,0.00000,50.44005
10.39681,0110,0.00000,50.45552
10.56481,0111,0.00000,50.45781
10.76988,0112,0.00000,50.46526
10.93769,0113,0.00000,50.46469
11.05920,0114,0.00000,50.47901
11.22524,0115,0.00000,50.48245
11.43165,0116,0.00000,50.48245
11.56054,0117,0.00000,50.48417
11.77378,0118,0.00000,50.48875
11.88816,0119,0.00000,50.49333
12.05534,0120,0.00000,50.49391
12.22128,0121,0.00000,50.50021
12.39842,0122,0.00000,50.49735
12.55077,0123,0.00000,50.50250
12.72369,0124,0.00000,50.50422
12.88011,0125,0.00000,50.49792
13.06295,0126,0.00000,50.50308
13.25517,0127,0.00000,50.51625
13.37741,0128,0.00000,50.51625
13.54393,0129,0.00000,50.51511
13.76833,0130,0.00000,50.51797
13.87361,0131,0.00000,50.51855
14.04069,0132,0.00000,50.51797
14.21669,0133,0.00000,50.50823
14.37600,0134,0.00000,50.51224
14.54291,0135,0.00000,50.51740
14.70525,0136,0.00000,50.51797
14.86808,0137,0.00000,50.52943
15.03482,0138,0.00000,50.53745
15.20277,0139,0.00000,50.53631
15.38810,0140,0.00000,50.50422
15.53853,0141,0.00000,50.48359
15.70295,0142,0.00000,50.48130
15.90589,0143,0.00000,50.44578
16.02653,0144,0.00000,50.42974
16.19297,0145,0.00000,50.41484
16.36183,0146,0.00000,50.36557
16.53865,0147,0.00000,50.37072
16.73708,0148,0.00000,50.35411
16.90138,0149,0.00000,50.36098
17.01986,0150,0.00000,50.35984
17.18639,0151,0.00000,50.35869
17.35210,0152,0.00000,50.36442
17.54276,0153,0.00000,50.37244
17.68411,0154,0.00000,50.36900
17.85118,0155,0.00000,50.37129
18.05211,0156,0.00000,50.36671
18.18074,0157,0.00000,50.36671
18.37631,0158,0.00000,50.36557
18.55401,0159,0.00000,50.36270
18.67658,0160,0.00000,50.36213
18.84858,0161,0.00000,50.35525
19.00657,0162,0.00000,50.35926
19.17793,0163,0.00000,50.36900
19.34117,0164,0.00000,50.35640
19.51198,0165,0.00000,50.35411
19.67411,0166,0.00000,50.34895
19.84227,0167,0.00000,50.35067
20.04735,0168,0.00000,50.34723
20.17188,0169,0.00000,50.33864
20.33449,0170,0.00000,50.30827
20.49766,0171,0.00000,50.32775
20.66634,0172,0.00000,50.32259
20.82989,0173,0.00000,50.33061
20.99407,0174,0.00000,50.32660
21.16428,0175,0.00000,50.34551
21.32908,0176,0.00000,50.35525
21.54091,0177,0.00000,50.30426
21.69520,0178,0.00000,50.27733
21.82331,0179,0.00000,50.28993
21.99080,0180,0.00000,50.30942
22.15735,0181,0.00000,50.27790
22.32247,0182,0.00000,50.34207
22.53538,0183,0.00000,50.40739
22.64982,0184,0.00000,50.43432
22.64982,0185,0.00000,50.44120
22.81311,0186,0.00000,50.45609
22.98067,0187,0.00000,50.46698
23.14724,0188,0.00000,50.52657
23.31254,0189,0.00000,50.53860
23.48021,0190,0.00000,50.56897
23.64627,0191,0.00000,50.57641
23.82037,0192,0.00000,50.57756
23.97930,0193,0.00000,50.58386
24.15445,0194,0.00000,50.58730
24.36279,0195,0.00000,50.59418
24.50644,0196,-0.12727,-2.16165
24.64582,0197,-0.12732,-2.16280
24.81303,0198,-0.12722,-2.15994
24.97931,0199,-0.12715,-2.15478
25.17659,0200,-0.12720,-2.14905
25.31372,0201,-0.12712,-2.20348
25.47917,0202,-0.12157,-2.20978
25.64585,0203,-0.12107,-2.13759
25.81259,0204,-0.12079,-2.04363
25.97998,0205,-0.12223,-1.83679
26.17398,0206,-0.11343,-0.67082
26.31239,0207,-0.11082,-0.37460
26.48051,0208,-0.07734,0.06486
26.64669,0209,-0.07590,0.04538
26.81420,0210,-0.07407,0.10554
26.98766,0211,-0.07337,0.15023
27.15673,0212,-0.07124,0.26482
27.31258,0213,-0.06834,0.28430
27.48075,0214,-0.05298,1.77730
27.66361,0215,-0.05282,1.82085
27.83040,0216,-0.05131,1.93200
27.98108,0217,-0.05096,1.96924
28.16204,0218,-0.05123,2.01393
28.31310,0219,-0.05056,2.10618
28.47979,0220,-0.03450,2.19098
28.64620,0221,-0.03197,2.38292
28.81417,0222,-0.03193,2.47344
28.98044,0223,-0.03160,2.53303
29.14723,0224,-0.03099,2.56053
29.31823,0225,-0.02973,2.66940
29.48055,0226,-0.03526,2.70263
29.64714,0227,-0.03564,2.79316
29.81839,0228,-0.03390,2.88597
29.98079,0229,-0.03273,2.94041
30.16613,0230,-0.03234,3.04182
30.32370,0231,-0.03562,2.68086
30.48268,0232,-0.03853,2.73357
30.64692,0233,-0.03848,2.71409
30.82628,0234,-0.03738,2.76852
31.00221,0235,-0.04136,2.20473
31.17263,0236,-0.04306,2.07868
31.31365,0237,-0.04298,2.06607
31.49569,0238,-0.03596,3.59468
31.66750,0239,-0.03735,3.40961
31.81289,0240,-0.03710,3.41076
31.97968,0241,-0.03629,3.36492
32.15274,0242,-0.04208,2.48199
32.33330,0243,-0.04527,2.35078
32.48960,0244,-0.05627,2.26656
32.64708,0245,-0.05614,2.29693
32.81288,0246,-0.05603,2.34219
32.97967,0247,-0.05571,2.41839
33.14888,0248,-0.05743,2.45735
33.31732,0249,-0.05628,2.49746
33.48196,0250,-0.05984,2.48314
33.64620,0251,-0.05955,2.54043
33.81546,0252,-0.06190,2.50090
33.98061,0253,-0.06264,2.51580
34.15056,0254,-0.06222,2.51694
34.31427,0255,-0.06186,2.55476
34.40103,0256,-0.06064,2.58684
34.57988,0257,-0.06040,2.58398
34.73814,0258,-0.05958,2.60117
34.89783,0259,-0.05878,2.66419
35.06365,0260,-0.06003,2.71404
35.22985,0261,-0.06143,2.71404
35.39819,0262,-0.06048,2.75128
35.56535,0263,-0.04691,1.42811
35.77121,0264,-0.04755,1.41150
35.89148,0265,-0.04728,1.42410
36.05749,0266,-0.04673,1.44358
36.23697,0267,-0.04647,1.51005
36.39107,0268,-0.04675,1.53640
36.55525,0269,-0.03782,1.57021
36.72131,0270,-0.03760,1.59427
36.92173,0271,-0.03819,1.68766
37.08995,0272,-0.03915,1.77017
37.21680,0273,-0.03754,1.84007
37.42317,0274,-0.03563,1.88877
37.54893,0275,-0.03751,1.85783
37.71430,0276,-0.03949,1.83663
37.87880,0277,-0.04048,1.85153
38.04504,0278,-0.04155,1.91570
38.23182,0279,-0.04228,1.88705
38.37807,0280,-0.04069,1.95122
38.54152,0281,-0.03942,1.96268
38.75907,0282,-0.03758,2.02514
38.75907,0283,-0.00603,-0.10684
38.92493,0284,-0.00603,-0.10684
39.09005,0285,-0.00715,-0.10225
39.30726,0286,-0.01173,-0.11429
39.46366,0287,0.01197,-0.11085
39.63172,0288,0.01266,-0.03293
39.75121,0289,0.01193,0.00890
39.91587,0290,0.01320,0.07250
40.11532,0291,0.01469,0.05130
40.25310,0292,0.01253,0.07078
40.43166,0293,0.03132,1.70894
40.57884,0294,0.03179,1.67228
40.74599,0295,0.03371,1.73301
40.91113,0296,0.03326,1.72499
41.07912,0297,0.03131,1.67399
41.28679,0298,0.03004,1.59779
41.40647,0299,0.02916,1.60237
41.59507,0300,0.03186,1.59836
41.73926,0301,0.03293,1.53648
41.91458,0302,0.02836,0.91654
42.08495,0303,0.02722,0.97785
42.28073,0304,0.02701,0.95264
42.40137,0305,0.02826,0.98186
42.60443,0306,0.04000,1.09301
42.73655,0307,0.03968,1.09187
42.92886,0308,0.04092,1.22136
43.06397,0309,0.04026,1.24026
43.26015,0310,0.03856,1.32392
43.44458,0311,0.04854,1.31761
43.55972,0312,0.04936,1.40470
43.72499,0313,0.04856,1.38923
43.89277,0314,0.04882,1.49580
44.05789,0315,0.05082,1.48091
44.26135,0316,0.05102,1.62930
44.38760,0317,0.05275,1.65738
44.55331,0318,0.07430,2.61433
44.72097,0319,0.07442,2.66131
44.88624,0320,0.07324,2.62235
45.05421,0321,0.07227,2.62808
45.22747,0322,0.07295,2.64469
45.41190,0323,0.06933,2.66475
45.54724,0324,0.06771,2.64985
45.71218,0325,0.06877,2.66303
45.87991,0326,0.06702,2.68423
46.04821,0327,0.06564,2.69053
46.24582,0328,0.06516,2.66990
46.40377,0329,0.06539,2.74725
46.54122,0330,0.06999,2.78106
46.70524,0331,0.06794,2.72834
46.87649,0332,0.06775,2.78793
47.03740,0333,0.06915,2.86127
47.20645,0334,0.06972,2.88935
47.36753,0335,0.07062,2.89909
47.53374,0336,0.07667,2.88615
47.69998,0337,0.07437,2.91365
47.86573,0338,0.07377,2.95490
48.06689,0339,0.07322,2.97209
48.20040,0340,0.07205,2.93886
48.38085,0341,0.07272,2.96235
48.53184,0342,0.04923,2.92396
48.69914,0343,0.05070,2.98355
48.86763,0344,0.05150,2.93886
49.07306,0345,0.05117,2.97495
49.24360,0346,0.05192,3.06434
49.39279,0347,0.04935,3.02423
49.53215,0348,0.02674,3.04486
49.69956,0349,0.02810,3.11189
49.86740,0350,0.02903,3.09298
50.03298,0351,0.02809,3.14283
50.24110,0352,0.02818,3.04314
50.36555,0353,0.02819,3.10158
50.53218,0354,0.02506,3.11476
50.69880,0355,0.02578,3.15486
50.86629,0356,0.02352,3.11132
51.03378,0357,0.02482,3.18007
51.21763,0358,0.02370,3.01449
51.39143,0359,0.01553,1.79638
51.53200,0360,0.01348,1.77899
51.70001,0361,0.01531,1.63633
51.86669,0362,0.01768,1.66670
52.05707,0363,0.01724,1.73488
52.20166,0364,0.01613,1.79103
52.36551,0365,0.01142,1.22151
52.55277,0366,0.00332,0.33342
52.69931,0367,0.00221,0.07215
52.86740,0368,0.00236,0.02460
53.03380,0369,0.00092,0.00684
53.20704,0370,0.00381,0.19419
53.37672,0371,0.00518,0.29962
53.53348,0372,0.00291,0.31853
53.69987,0373,0.00543,0.49041
53.86620,0374,0.00878,0.59526
54.05345,0375,0.00817,0.66345
54.19928,0376,0.00917,0.82330
54.37721,0377,0.00935,0.84737
54.53540,0378,0.00857,0.85882
54.70678,0379,0.00726,0.85940
54.70678,0380,0.00205,1.30088
54.87460,0381,0.00205,1.30088
55.04130,0382,0.00205,1.30088
55.20845,0383,0.00203,1.30317
55.37228,0384,-0.00141,1.31921
55.53894,0385,-0.01344,1.32781
55.70580,0386,-0.01554,1.29572
55.89481,0387,-0.01820,1.29973
56.06590,0388,-0.01886,1.36448
56.22178,0389,-0.01816,1.44011
56.37473,0390,-0.01837,1.46474
56.53873,0391,-0.01748,0.85636
56.70869,0392,-0.01641,0.94861
56.90037,0393,-0.01805,0.92970
57.03902,0394,-0.01892,0.94918
57.20601,0395,-0.01629,0.96809
57.39413,0396,-0.01281,1.02653
57.53907,0397,0.00556,1.03054
57.71439,0398,0.00522,0.86037
57.87348,0399,-0.01179,0.20262
58.03993,0400,-0.01298,0.15678
58.22285,0401,-0.01305,0.14819
58.37242,0402,-0.01263,0.23012
58.54211,0403,-0.01605,0.31320
58.70663,0404,-0.01721,0.32809
58.89184,0405,-0.02113,-0.18585
59.05574,0406,-0.02650,-0.77829
59.20569,0407,-0.02910,-1.03497
59.38626,0408,-0.03001,-1.06419
59.46853,0409,-0.02392,-1.08656
59.67963,0410,-0.02410,-0.96108
59.79192,0411,-0.02421,-0.93472
59.98981,0412,-0.02314,-0.85165
60.12402,0413,-0.02302,-0.78977
60.29346,0414,-0.02221,-0.52563
60.45717,0415,-0.01737,-0.41276
60.66273,0416,-0.01319,-0.27640
60.79134,0417,-0.01155,-0.23514
60.95406,0418,-0.00694,0.37047
61.12297,0419,-0.00743,0.34870
61.28831,0420,-0.00562,0.52460
61.44746,0421,-0.00642,0.56643
61.62915,0422,-0.00506,0.63805
61.78223,0423,-0.00370,0.65466
61.95976,0424,-0.00268,0.71482
62.11036,0425,-0.00359,0.68847
62.31888,0426,-0.00748,-0.02945
62.44122,0427,-0.00095,0.15619
62.61205,0428,-0.00288,-0.01914
62.77303,0429,-0.00525,0.05477
62.95505,0430,-0.00634,0.07254
63.10505,0431,-0.00702,0.13499
63.28080,0432,-0.00780,0.20031
63.43647,0433,-0.00886,1.28943
63.60416,0434,-0.00812,1.32839
63.76778,0435,-0.00985,1.42121
63.93770,0436,-0.00904,1.54095
64.11238,0437,-0.00876,1.52720
64.27216,0438,-0.01156,1.51173
64.47238,0439,-0.00727,1.46991
64.59734,0440,-0.00577,1.49684
64.77111,0441,-0.00576,1.49397
64.92790,0442,-0.00656,1.56043
65.14122,0443,-0.00599,1.62289
65.25604,0444,-0.00434,1.62919
65.46244,0445,-0.02220,1.78160
65.58703,0446,-0.02271,1.78045
65.75276,0447,-0.02198,1.62690
65.92314,0448,-0.02964,0.61620
66.09673,0449,-0.03375,0.33087
66.25295,0450,-0.03701,0.05413
66.41621,0451,-0.02930,-1.17448
66.58062,0452,-0.03027,-1.14583
66.74658,0453,-0.03144,-1.06848
66.91452,0454,-0.02943,-0.94243
67.08072,0455,-0.02802,-0.84617
67.24693,0456,-0.02906,-0.77857
67.40888,0457,-0.02830,-0.68116
67.57374,0458,-0.02470,-0.58204
67.74064,0459,-0.02216,-0.48521
67.90666,0460,-0.02021,-0.35916
68.07429,0461,-0.02052,-0.32994
68.23754,0462,-0.02339,-0.33796
68.40205,0463,-0.02550,-0.28582
68.56952,0464,-0.02392,-0.20847
68.73395,0465,-0.02267,-0.13399
68.94448,0466,-0.02348,-0.12539
69.10696,0467,-0.02472,-0.72356
69.23232,0468,-0.02590,-1.03124
69.41587,0469,-0.02718,-1.20485
69.56125,0470,-0.03036,-1.27188
69.72934,0471,-0.02966,-1.16932
69.90855,0472,-0.02877,-1.04556
70.05893,0473,-0.02948,-1.00660
70.25285,0474,-0.03092,-0.96248
70.38903,0475,-0.02969,-0.90118
70.57358,0476,-0.02729,-0.80148
70.72046,0477,-0.02666,-0.77284
70.88830,0478,-0.02714,-0.74877
70.88830,0479,-0.01547,-1.16128
71.09837,0480,-0.01547,-1.16128
71.21707,0481,-0.01547,-1.16128
71.38104,0482,-0.01528,-1.16873
71.54817,0483,0.01541,-1.81757
71.73209,0484,0.01981,-1.69897
71.93434,0485,0.01727,-1.73621
72.04520,0486,0.01736,-1.71787
72.21408,0487,0.01654,-1.73162
72.37923,0488,0.01549,-1.67433
72.55122,0489,0.03093,-1.64740
72.74517,0490,0.03141,-1.64797
72.87348,0491,0.03071,-1.61360
73.08675,0492,0.02819,-2.16765
73.23513,0493,0.02847,-2.20374
73.37369,0494,0.02657,-2.32922
73.54110,0495,0.03756,-2.30401
73.70813,0496,0.03956,-2.25302
73.87726,0497,0.04116,-2.16249
74.04050,0498,0.04158,-2.11436
74.20663,0499,0.04527,-1.98716
74.37348,0500,0.04297,-2.01467
74.54316,0501,0.05365,-1.96596
74.71184,0502,0.05801,-1.86455
74.87454,0503,0.05979,-1.84622
75.04121,0504,0.05797,-1.83075
75.20686,0505,0.05763,-1.84851
75.37609,0506,0.05635,-1.79007
75.54243,0507,0.04171,-0.26692
75.73600,0508,0.04025,-0.17754
75.87371,0509,0.04167,-0.07498
76.04160,0510,0.04058,-0.05550
76.20806,0511,0.04155,0.05336
76.37480,0512,0.04425,0.12326
76.54281,0513,0.04595,0.15191
76.70803,0514,0.04425,0.13587
76.87422,0515,0.04427,0.24129
77.04169,0516,0.04498,0.30718
77.20932,0517,0.04635,0.39313
77.37419,0518,0.04562,0.41089
77.54343,0519,0.03953,0.53235
77.73148,0520,0.04197,0.59481
77.87374,0521,0.04283,0.72315
78.04950,0522,0.04591,0.84977
78.20717,0523,0.04962,0.90936
78.37700,0524,0.04507,0.43495
78.56344,0525,-0.02063,0.21837
78.72786,0526,-0.01914,0.13415
78.87424,0527,-0.01868,0.23041
79.05562,0528,-0.02026,0.32552
79.21968,0529,-0.02102,0.38682
79.37469,0530,-0.01827,0.36906
79.57011,0531,0.04042,1.12472
79.70845,0532,0.04322,1.12701
79.87845,0533,0.04239,1.11440
80.04231,0534,0.04172,1.15050
80.20960,0535,0.04602,1.31608
80.37431,0536,0.04625,1.33270
80.54540,0537,0.05056,1.32411
80.71016,0538,0.05157,1.34015
80.87825,0539,0.04885,1.22269
81.04204,0540,0.04654,1.20035
81.20737,0541,0.04304,1.13618
81.37666,0542,0.03884,1.08232
81.54258,0543,0.02917,1.07143
81.70976,0544,0.02849,0.99179
81.87943,0545,0.02709,0.96944
82.04245,0546,0.02613,0.90757
82.20762,0547,0.02654,0.96601
82.37470,0548,0.02444,0.87433
82.54270,0549,0.02428,0.89725
82.70989,0550,0.02391,0.85657
82.88862,0551,0.02432,0.83996
83.04112,0552,0.02534,0.86116
83.22053,0553,0.02647,0.65661
83.37619,0554,0.02054,-0.01719
83.54125,0555,0.02158,-0.05959
83.70878,0556,0.02255,-0.09912
83.87459,0557,0.02372,-0.08136
84.04530,0558,0.02422,0.00688
84.21005,0559,0.02791,0.18507
84.37429,0560,0.03002,0.30481
84.54223,0561,0.02991,0.38274
84.62939,0562,0.02977,0.40164
84.79365,0563,0.03317,0.52139
84.96155,0564,0.03447,0.56895
85.13088,0565,0.03232,0.54603
85.29597,0566,0.02839,0.49905
85.48803,0567,0.03072,0.63025
85.62295,0568,0.03265,0.67781
85.78731,0569,0.03207,0.70588
85.95476,0570,0.03173,0.76146
86.12790,0571,0.03365,0.83537
86.29222,0572,0.03973,0.95340
86.48830,0573,0.03816,0.92361
86.65958,0574,0.03852,1.03935
86.78372,0575,0.04053,1.09320
86.95318,0576,0.03963,1.14362
86.95318,0577,0.00942,1.71110
87.05803,0578,0.00942,1.71110
87.25298,0579,0.00942,1.71110
87.38865,0580,0.00942,1.71110
87.55401,0581,0.01438,1.80472
87.72006,0582,0.01085,1.74399
87.89102,0583,0.01677,1.74628
88.05189,0584,0.01932,1.76634
88.21641,0585,0.01707,1.68211
88.38179,0586,0.01748,1.70732
88.54804,0587,0.02526,1.84139
88.71411,0588,0.02255,1.74972
88.88471,0589,0.02266,1.84426
89.06872,0590,0.01661,1.32917
89.21107,0591,0.01580,1.33318
89.37560,0592,0.01796,1.44433
89.54323,0593,0.01315,1.43173
89.71192,0594,0.01108,1.45064
89.92391,0595,0.01131,1.53085
90.03948,0596,0.01100,1.52168
90.20497,0597,0.00714,1.45235
90.37611,0598,0.00912,1.40766
90.53394,0599,0.01226,-0.77068
90.71218,0600,0.01389,-0.76037
90.86888,0601,0.01570,-0.76896
91.06761,0602,-0.01981,-0.89272
91.19804,0603,-0.01876,-0.85720
91.36307,0604,0.01665,-0.82225
91.52954,0605,0.01253,-0.83141
91.69520,0606,0.01069,-0.96950
91.85931,0607,0.00781,-1.02163
92.02509,0608,0.00599,-1.10987
92.19059,0609,0.00681,-1.17519
92.36779,0610,0.00753,-1.18894
92.52451,0611,0.03153,-1.16946
92.68803,0612,0.03053,-1.19811
92.89823,0613,0.03112,-1.18206
93.02803,0614,0.03098,-1.13852
93.18503,0615,0.03092,-1.09325
93.35720,0616,0.03265,-0.99585
93.51791,0617,0.04898,-0.93225
93.68077,0618,0.04874,-0.88355
93.84663,0619,0.04703,-0.93741
94.01430,0620,0.05000,-0.82969
94.17791,0621,0.04985,-0.81193
94.34299,0622,0.04586,-0.79532
94.51907,0623,-0.01214,0.01165
94.71932,0624,-0.01073,-0.08460
94.83984,0625,-0.01055,-0.05997
95.01059,0626,-0.01030,-0.05366
95.17796,0627,-0.01075,0.00077
95.33768,0628,-0.00900,0.00420
95.54894,0629,-0.01699,0.11593
95.66855,0630,-0.01629,0.10619
95.84264,0631,-0.01721,0.22479
96.03604,0632,-0.01895,0.38064
96.16400,0633,-0.02018,0.39496
96.33439,0634,-0.01996,0.01738
96.50120,0635,0.03127,-1.06035
96.67036,0636,0.02829,-1.53247
96.82644,0637,0.02625,-1.67513
97.03839,0638,0.02537,-1.41501
97.15946,0639,0.02720,-1.28610
97.32596,0640,0.02876,-1.13713
97.49649,0641,0.02944,-0.99733
97.70822,0642,0.02657,-0.87471
97.82205,0643,0.02831,-0.73720
98.03251,0644,0.03145,-0.59855
98.15763,0645,0.03183,-0.49484
98.36238,0646,0.03162,-0.32525
98.54204,0647,0.03179,-0.26566
98.65535,0648,0.03049,-0.26050
98.85362,0649,0.03080,-0.09893
98.99013,0650,0.03170,-0.09721
99.15606,0651,0.03121,0.02712
99.35613,0652,0.03366,0.18698
99.48827,0653,0.03093,0.15776
99.65639,0654,0.02806,0.11994
99.82222,0655,0.02993,0.27693
99.99221,0656,0.03312,0.30329
100.15536,0657,0.03016,-0.62720
100.32348,0658,0.02506,-1.26776
100.52188,0659,-0.01966,-1.70035
100.65449,0660,-0.01836,-1.53018
100.82397,0661,-0.01867,-1.32219
100.99021,0662,-0.02045,-1.14629
101.15476,0663,-0.02246,-0.96810
101.32572,0664,-0.02245,-0.82830
101.49159,0665,-0.02209,-0.72574
101.65848,0666,-0.02368,-0.60027
101.83828,0667,0.02454,-0.47536
101.98832,0668,0.02472,-0.39228
102.15552,0669,0.02714,-0.29316
102.34798,0670,0.02537,-0.22670
102.51908,0671,0.02449,-0.18544
102.65575,0672,0.02667,-0.11726
102.82374,0673,0.02794,0.00077
102.82374,0674,0.00392,0.75223
102.99553,0675,0.00392,0.75223
103.15714,0676,0.00392,0.75223
103.32711,0677,0.00392,0.75223
103.49393,0678,-0.00616,-0.07284
103.65711,0679,-0.00616,-0.07284
103.82369,0680,-0.00812,0.00508
103.99112,0681,-0.00417,0.14374
104.15934,0682,-0.00078,0.22739
104.32670,0683,-0.00022,0.27953
104.49052,0684,-0.00946,0.25833
104.67649,0685,0.01092,0.31333
104.82382,0686,0.01065,0.29672
104.99151,0687,-0.00556,-0.19488
105.17451,0688,-0.00334,-0.35531
105.32529,0689,-0.00257,-0.45099
105.49106,0690,-0.00352,-0.41834
105.65897,0691,-0.00580,-0.38682
105.83973,0692,-0.00405,-0.46704
105.99281,0693,-0.00370,-0.60054
106.16328,0694,-0.00434,-0.53694
106.33820,0695,-0.00404,-0.46188
106.49256,0696,0.00967,-0.07648
106.65876,0697,0.00231,-1.01155
106.82790,0698,0.00480,-1.52205
106.99101,0699,0.00588,-1.73691
107.15762,0700,0.00600,-1.64180
107.33176,0701,0.00477,-1.48366
107.50704,0702,0.00476,-1.43954
107.65836,0703,0.00121,-1.25677
107.82676,0704,0.00283,-1.20520
107.99170,0705,0.00252,-1.03676
108.16590,0706,0.00432,-0.86028
108.32718,0707,0.00659,-0.76059
108.49138,0708,0.01032,-0.63683
108.68001,0709,0.00810,-0.55719
108.82752,0710,0.00979,-0.48271
108.99259,0711,0.01160,-0.34921
109.15812,0712,0.01576,-0.26441
109.32625,0713,0.01770,-0.19050
109.41198,0714,0.01793,-0.18133
109.60901,0715,0.01967,-0.64240
109.75162,0716,0.01502,-0.71975
109.91692,0717,0.01167,-0.70887
110.07725,0718,0.01074,-0.64412
110.28408,0719,0.01304,-0.51292
110.40579,0720,0.01337,-0.45161
110.57987,0721,0.02000,-0.44760
110.79055,0722,0.01687,-0.39317
110.90691,0723,0.01946,-0.34962
111.11074,0724,0.02251,-0.36452
111.23354,0725,0.01949,-0.38858
111.40294,0726,0.01926,-0.34962
111.56641,0727,0.02238,-0.24248
111.75051,0728,0.02124,-0.20524
111.94712,0729,0.02381,-0.14279
112.06174,0730,0.02608,-0.13648
112.23009,0731,0.02243,-0.17315
112.39357,0732,0.02060,-0.60402
112.56252,0733,0.03638,-1.43358
112.75751,0734,0.03477,-1.48858
112.88984,0735,0.03611,-1.38659
113.05616,0736,0.03661,-1.30351
113.24684,0737,0.03478,-1.24565
113.38951,0738,0.03642,-1.13449
113.55448,0739,0.03481,-1.15225
113.71944,0740,0.03426,-1.07433
113.88316,0741,0.03691,-1.13564
114.04813,0742,0.03449,-1.23018
114.21487,0743,0.03718,-1.07949
114.38104,0744,0.03954,-1.02792
114.55239,0745,0.03495,-1.27086
114.76114,0746,0.03502,-1.19981
114.87660,0747,0.03413,-1.20783
115.04329,0748,0.03163,-1.19924
115.23076,0749,0.03132,-1.04568
115.37362,0750,0.03150,-1.04511
115.55966,0751,0.03193,-0.98667
115.70639,0752,0.03528,-0.85317
115.87615,0753,0.03550,-0.85260
116.03604,0754,0.03697,-0.77582
116.20130,0755,0.03862,-0.78556
116.37128,0756,0.03506,-0.90875
116.54527,0757,0.03486,-0.87723
116.70907,0758,0.03489,-0.83254
116.86716,0759,0.03128,-0.92995
117.04163,0760,0.03026,-1.12189
117.21356,0761,0.02590,-1.54588
117.36013,0762,0.02271,-1.65359
117.53081,0763,0.02324,-1.61291
117.69742,0764,0.02220,-1.56134
117.85750,0765,0.01932,-1.88965
118.02247,0766,0.01647,-2.24202
118.19019,0767,0.01946,-2.18988
118.35538,0768,0.01755,-2.24030
118.52005,0769,0.01683,-2.15550
118.68904,0770,0.01658,-2.05122
118.85110,0771,0.01754,-2.00711
118.85110,0772,0.03508,2.54561
118.99133,0773,0.03508,2.54561
119.15999,0774,0.03508,2.54561
119.32876,0775,0.03508,2.54561
119.53666,0776,0.01357,2.54561
119.65398,0777,0.01357,2.54561
119.81978,0778,0.01357,2.54561
119.98527,0779,0.01349,2.56509
120.15202,0780,0.00985,2.57540
120.32964,0781,0.01090,2.70890
120.48220,0782,0.01858,0.09080
120.64823,0783,0.01676,0.14409
120.81304,0784,0.01901,0.20597
120.97935,0785,0.01519,0.29019
121.19856,0786,0.01506,0.36468
121.30951,0787,0.01919,0.40937
121.48390,0788,0.02869,0.43343
121.64178,0789,0.02693,0.43973
121.83280,0790,0.02594,0.46838
122.01235,0791,0.02497,0.53485
122.13942,0792,0.02761,0.64084
122.31292,0793,0.02765,0.63511
122.52296,0794,0.01895,0.27034
122.63814,0795,0.01953,0.27549
122.80116,0796,0.01762,0.27263
122.96946,0797,0.01513,0.27263
123.17022,0798,0.01914,0.37519
123.34221,0799,0.02184,0.36659
123.46946,0800,0.02209,0.38206
123.63524,0801,0.02419,0.47259
123.82656,0802,0.02285,0.51098
123.96824,0803,0.02287,0.47259
124.14157,0804,0.01756,0.02110
124.33266,0805,0.01307,-0.03906
124.48853,0806,0.02295,0.02110
124.63672,0807,0.02672,0.15173
124.80107,0808,0.02693,0.08355
124.96789,0809,0.02488,0.01423
125.13536,0810,0.02972,0.15861
125.33343,0811,0.02914,0.12194
125.48549,0812,0.04258,-0.18917
125.63440,0813,0.04277,-0.24990
125.80800,0814,0.04149,-0.41377
125.97338,0815,0.03945,-0.32668
126.14380,0816,0.04093,-0.18573
126.32526,0817,0.04377,-0.08145
126.48629,0818,0.06114,0.03257
126.63473,0819,0.06043,0.03944
126.80523,0820,0.05691,0.04403
126.98074,0821,0.05949,0.19529
127.15760,0822,0.06027,0.17065
127.32333,0823,0.05774,0.16664
127.48827,0824,0.06478,0.20216
127.63586,0825,0.06956,0.27321
127.80476,0826,0.06849,0.24055
127.98213,0827,0.07097,0.40041
128.14924,0828,0.06619,0.33452
128.30143,0829,0.06753,0.43364
128.46986,0830,0.06412,0.17409
128.63660,0831,0.06269,0.27493
128.80698,0832,0.06267,0.25373
128.96848,0833,0.05930,0.31160
129.15428,0834,0.05731,0.37462
129.30231,0835,0.06301,0.49666
129.48523,0836,0.05872,0.37520
129.63512,0837,0.06227,0.57974
129.80455,0838,0.06724,0.66511
129.97061,0839,0.06120,0.60266
130.13529,0840,0.06330,0.77799
130.30838,0841,0.06372,0.78371
130.47769,0842,0.06506,0.82554
130.63905,0843,0.06967,0.88799
130.80345,0844,0.06382,0.74475
130.96967,0845,0.05953,0.70178
131.13607,0846,0.05663,0.20732
131.30739,0847,0.04970,-0.20578
131.47056,0848,0.05214,-0.20005
131.63555,0849,0.05501,-0.26079
131.81834,0850,0.05500,-0.14161
131.96935,0851,0.05748,-0.00525
132.15802,0852,0.05769,0.08299
132.32492,0853,0.05882,0.10648
132.46872,0854,0.05982,0.17294
132.63685,0855,0.05514,0.00392
132.80433,0856,0.05763,0.18211
132.98764,0857,0.05908,0.24112
133.13682,0858,0.05484,0.19070
133.31786,0859,0.06017,0.32764
133.46940,0860,0.05887,0.27092
133.63660,0861,0.05696,0.19471
133.80331,0862,0.05718,0.25831
133.96920,0863,0.05510,0.28982
134.13716,0864,0.05020,0.20904
134.30236,0865,0.05630,0.40384
134.48930,0866,0.05202,0.27550
134.57919,0867,0.05163,0.31905
134.78698,0868,0.05374,0.40270
134.88831,0869,0.05199,0.38608
134.88831,0870,-0.02699,0.58681
135.00585,0871,-0.02699,0.58681
135.17519,0872,-0.02699,0.58681
135.38718,0873,-0.02699,0.58681
135.50266,0874,-0.01364,2.31372
135.67204,0875,-0.01364,2.31372
135.83882,0876,-0.01364,2.31372
135.99940,0877,-0.01364,2.31372
136.16475,0878,-0.01179,2.21288
136.34170,0879,-0.01397,2.13553
136.52559,0880,-0.01488,2.08626
136.66269,0881,-0.01417,2.09027
136.82911,0882,-0.01623,2.13439
137.00210,0883,-0.01467,2.22148
137.15867,0884,-0.01290,2.15444
137.33126,0885,-0.01766,1.98484
137.54385,0886,-0.01246,2.17392
137.65781,0887,-0.01581,1.99516
137.82250,0888,-0.02052,2.05761
137.99187,0889,-0.02056,2.07995
138.16128,0890,-0.02354,1.87083
138.32033,0891,-0.02663,1.64909
138.52919,0892,-0.01588,0.01122
138.69234,0893,-0.01980,-0.26437
138.81421,0894,-0.02153,-0.78233
139.00487,0895,-0.02547,-1.36732
139.15834,0896,-0.02433,-1.50426
139.35850,0897,-0.01995,-1.38909
139.47869,0898,0.00813,-1.40628
139.64716,0899,0.00952,-1.72141
139.81095,0900,0.01076,-1.98783
139.97823,0901,0.01103,-2.11617
140.18938,0902,0.00617,-1.96835
140.33478,0903,0.00425,-1.93512
140.47049,0904,0.01073,-2.08466
140.64302,0905,-0.01447,-2.41984
140.80403,0906,-0.01742,-2.49662
140.97150,0907,-0.01718,-2.47714
141.14808,0908,-0.01579,-2.37343
141.33566,0909,-0.01692,-2.25827
141.48073,0910,0.01325,-2.10701
141.67291,0911,-0.00979,-1.95280
141.79516,0912,-0.00617,-1.80957
141.96509,0913,-0.00423,-1.70529
142.12914,0914,-0.00296,-1.62164
142.31410,0915,-0.00150,-1.55059
142.49434,0916,-0.00245,-1.47439
142.62484,0917,-0.00411,-1.44516
142.83667,0918,-0.00997,-1.33745
142.95531,0919,-0.00992,-1.22859
143.12323,0920,-0.00673,-1.20567
143.28798,0921,-0.00459,-1.10368
143.48732,0922,-0.00482,-1.02633
143.61631,0923,-0.00238,-0.94096
143.79245,0924,-0.00317,-0.81606
144.00981,0925,-0.00621,-0.72553
144.11359,0926,-0.00523,-0.60578
144.28160,0927,-0.00572,-0.46483
144.47732,0928,-0.00365,-0.31701
144.61192,0929,-0.00132,-0.30039
144.77585,0930,-0.00170,-0.18351
144.94551,0931,-0.00196,-0.19612
145.14846,0932,-0.00321,-0.15028
145.27300,0933,-0.00177,-0.04715
145.43879,0934,-0.00069,0.09437
145.60407,0935,-0.00038,0.16828
145.77457,0936,-0.00206,0.26913
145.94742,0937,-0.00495,0.36767
146.10297,0938,-0.00596,0.49143
146.27448,0939,-0.00861,0.61462
146.43330,0940,-0.00991,0.68738
146.59729,0941,-0.00801,0.74984
146.76414,0942,-0.01073,0.89365
146.95619,0943,-0.00903,0.97329
147.09413,0944,-0.00912,1.08101
147.26368,0945,-0.01028,1.15377
147.45513,0946,-0.00565,0.66733
147.59224,0947,-0.00350,0.43471
147.76218,0948,-0.00862,0.46909
147.93264,0949,-0.00429,0.32642
148.13067,0950,-0.00226,-0.20700
148.25872,0951,-0.00703,-0.27232
148.42623,0952,-0.00779,-0.21732
148.59273,0953,-0.00209,-0.01392
148.78832,0954,-0.00372,0.03708
148.92552,0955,-0.00330,0.11042
149.13898,0956,-0.00557,0.35793
149.25811,0957,-0.00373,0.37226
149.42581,0958,-0.00717,0.53612
149.59081,0959,-0.00515,0.05770
149.75744,0960,-0.00010,-0.24883
149.95688,0961,-0.00277,-0.31472
150.11451,0962,-0.00408,-0.24482
150.25756,0963,-0.00213,-0.07007
150.42569,0964,-0.00321,0.09437
150.59175,0965,-0.00379,0.15339
150.75781,0966,-0.00358,0.12990
150.92643,0967,-0.00358,0.12990
150.92643,0968,-0.06512,-0.98885
151.09967,0969,-0.06512,-0.98885
151.25350,0970,-0.06512,-0.98885
151.41842,0971,-0.06512,-0.98885
151.58495,0972,-0.08486,-0.98885
151.75208,0973,-0.08486,-0.98885
151.93742,0974,-0.08486,-0.98885
152.10971,0975,-0.08486,-0.98885
152.25124,0976,-0.08200,-0.91895
152.42006,0977,-0.08011,-0.77972
152.58507,0978,-0.07744,-1.35498
152.77676,0979,-0.07663,-1.10345
152.91806,0980,-0.07691,-1.01579
153.10319,0981,-0.07853,-0.96652
153.25315,0982,-0.07798,-0.91610
153.41854,0983,-0.07723,-0.83244
153.60369,0984,-0.07571,-0.61587
153.75204,0985,-0.07678,-0.51732
153.92020,0986,-0.07562,-0.37522
154.08957,0987,-0.06943,-0.12198
154.25181,0988,-0.07032,-0.16266
154.42089,0989,-0.07049,-0.04291
154.58618,0990,-0.05869,0.07741
154.75300,0991,-0.05880,0.09689
154.92099,0992,-0.05940,0.17883
155.08546,0993,-0.05692,0.30774
155.25171,0994,-0.06070,0.19430
155.41930,0995,-0.05961,0.29743
155.58547,0996,0.01773,-1.39188
155.75513,0997,0.01543,-1.31281
155.91920,0998,0.01666,-1.25265
156.08536,0999,0.02079,-1.29849
156.25152,1000,0.01901,-1.16384
156.41905,1001,0.01215,-0.98394
156.58545,1002,0.01238,-1.04811
156.75285,1003,0.01329,-0.95930
156.92590,1004,0.01370,-0.91919
157.08608,1005,0.01202,-0.91518
157.26893,1006,0.01605,-0.82694
157.43611,1007,0.01065,-0.90372
157.60703,1008,0.02141,-0.90143
157.75232,1009,0.02276,-0.98795
157.93570,1010,0.01754,-1.24979
158.08737,1011,0.02031,-1.19708
158.25199,1012,0.02205,-1.18447
158.41936,1013,0.01490,-1.71560
158.58798,1014,0.01555,-1.66862
158.78555,1015,0.01025,-1.82217
158.94465,1016,0.01322,-1.69956
159.08630,1017,0.01547,-1.61935
159.25238,1018,0.01212,-1.63138
159.34191,1019,0.01439,-1.60789
159.50578,1020,0.01728,-1.50303
159.67197,1021,0.01495,-1.49960
159.83747,1022,0.01575,-1.49444
160.00504,1023,0.01560,-1.47038
160.17475,1024,0.01251,-1.60101
160.36366,1025,0.01807,-1.45261
160.49944,1026,0.01808,-1.40907
160.66460,1027,0.01705,-1.44574
160.83222,1028,0.01984,-1.29562
160.99989,1029,0.01712,-1.61533
161.16501,1030,0.01434,-2.20491
161.34141,1031,0.02044,-2.15621
161.53650,1032,0.01904,-2.25590
161.65944,1033,0.02112,-2.09204
161.82453,1034,0.02338,-1.95453
161.99313,1035,0.02068,-1.92817
162.16301,1036,0.01966,-1.76946
162.35387,1037,0.01687,-1.74826
162.52593,1038,0.01919,-1.66977
162.65231,1039,0.02266,-1.54085
162.82032,1040,0.01934,-1.54371
162.98626,1041,0.02307,-1.39589
163.15766,1042,0.01917,-1.76258
163.32508,1043,0.01125,-2.22611
163.51997,1044,0.01795,-2.20147
163.64643,1045,0.01714,-2.27481
163.81642,1046,0.01444,-2.21121
163.97887,1047,0.01787,-1.97802
164.14524,1048,0.01448,-2.01755
164.35359,1049,0.01826,-1.82275
164.47886,1050,0.01801,-1.81014
164.63928,1051,0.01867,-1.70987
164.80591,1052,0.02135,-1.60789
164.97835,1053,0.01874,-1.55861
165.14199,1054,0.02157,-1.36667
165.30317,1055,0.01946,-1.31854
165.49614,1056,0.01871,-1.23432
165.67392,1057,0.02146,-1.09681
165.80063,1058,0.02149,-1.08535
165.98154,1059,0.02308,-0.99769
166.18304,1060,0.03012,-0.77309
166.29476,1061,0.02544,-0.85387
166.46629,1062,0.02743,-0.71923
166.66350,1063,0.02827,-1.22744
166.79216,1064,0.02654,-1.42167
166.96600,1065,0.01567,-2.28799
166.96600,1066,0.04454,1.79475
167.13173,1067,0.04454,1.79475
167.33476,1068,0.04454,1.79475
167.49878,1069,0.04454,1.79475
167.63470,1070,0.05207,1.79475
167.79946,1071,0.05207,1.79475
167.96043,1072,0.05207,1.79475
168.16501,1073,0.05244,1.80507
168.29142,1074,0.05600,1.90591
168.46982,1075,0.05227,1.89101
168.66708,1076,0.03944,1.94716
168.78755,1077,0.03878,2.02680
168.96351,1078,0.04064,2.04800
169.11939,1079,0.04277,2.17119
169.28480,1080,0.04187,2.26859
169.45187,1081,0.04242,2.30870
169.61964,1082,0.01949,1.58285
169.78613,1083,0.02020,1.62582
169.95253,1084,0.02029,1.75646
170.11392,1085,0.02229,1.77651
170.27888,1086,0.01839,1.79599
170.49421,1087,0.01702,1.91288
170.61061,1088,0.01905,1.97418
170.77431,1089,0.01820,1.91345
170.94171,1090,0.01940,2.03835
171.14989,1091,0.02372,2.09565
171.27255,1092,0.02527,2.01658
171.45956,1093,0.01618,1.34737
171.60453,1094,0.01334,1.30382
171.77587,1095,0.01582,1.43045
171.97804,1096,0.01551,1.48831
172.10132,1097,0.01672,1.52498
172.28708,1098,0.01817,1.67109
172.43279,1099,0.01215,1.57082
172.59909,1100,0.03362,0.76355
172.81118,1101,0.03242,0.81512
172.93038,1102,0.03173,0.89132
173.14086,1103,0.03613,0.98414
173.26420,1104,0.03519,0.97497
173.43272,1105,0.03128,0.96065
173.59868,1106,0.03460,0.70110
173.80932,1107,0.02680,0.14877
173.93005,1108,0.02886,0.13674
174.09654,1109,0.03432,0.27883
174.26436,1110,0.03170,0.30003
174.43242,1111,0.03435,0.45988
174.60780,1112,0.03274,0.51661
174.76362,1113,0.02741,0.49082
174.93062,1114,0.03350,0.67188
175.09723,1115,0.03258,0.67589
175.26413,1116,0.03167,0.71485
175.43123,1117,0.03199,0.83804
175.59710,1118,0.02610,0.81512
175.76889,1119,0.02686,0.91080
175.93232,1120,0.02808,0.96294
176.11665,1121,0.02689,0.90163
176.26551,1122,0.02530,0.88215
176.43660,1123,0.02247,0.92799
176.59807,1124,0.02387,0.93372
176.77038,1125,0.02262,0.64323
176.93054,1126,0.02214,0.66672
177.09694,1127,0.02711,0.75782
177.26593,1128,0.02799,0.76527
177.43178,1129,0.02753,0.84606
177.59865,1130,0.02619,0.84491
177.76399,1131,0.02502,0.97497
177.94537,1132,0.02296,0.96351
178.09730,1133,0.02514,1.07753
178.26620,1134,0.02143,1.04774
178.43262,1135,0.01918,1.07238
178.59834,1136,0.01635,1.11248
178.76484,1137,0.01490,0.99216
178.94446,1138,0.01060,0.35331
179.11908,1139,0.01312,0.28800
179.26359,1140,0.01396,0.26508
179.43108,1141,0.01727,0.42493
179.59972,1142,0.01946,0.56760
179.77019,1143,0.01664,0.32008
179.93680,1144,0.00673,-0.94558
180.09798,1145,0.00241,-1.45723
180.26617,1146,0.00270,-1.64631
180.43107,1147,0.00125,-1.51338
180.59870,1148,0.00104,-1.37988
180.77804,1149,0.00539,-1.24524
180.94956,1150,0.00475,-1.12205
181.10044,1151,0.00017,-0.98970
181.26475,1152,0.00728,-0.76281
181.43070,1153,0.00751,-0.67457
181.60499,1154,0.00860,-0.53191
181.76645,1155,0.00770,-0.48091
181.93221,1156,0.00771,-0.42820
182.09744,1157,0.01484,-0.28496
182.26654,1158,0.01832,-0.19673
182.43154,1159,0.01804,-0.22308
182.60048,1160,0.01652,-0.16120
182.78917,1161,0.01271,-0.03401
182.95142,1162,0.01354,0.09147
182.95142,1163,-0.04878,1.87605
183.12230,1164,-0.04878,1.87605
183.28460,1165,-0.04878,1.87605
183.45330,1166,-0.04878,1.87605
183.64456,1167,-0.03370,1.87605
183.78421,1168,-0.03370,1.87605
183.95209,1169,-0.03370,1.87605
184.11788,1170,-0.03370,1.87605
184.28859,1171,-0.03370,1.87605
184.37189,1172,-0.03886,1.34377
184.55586,1173,-0.03123,1.18793
184.70444,1174,-0.03027,1.08823
184.87475,1175,-0.02726,1.26069
185.03888,1176,-0.02679,1.27674
185.24440,1177,-0.02940,1.29163
185.36626,1178,-0.03011,1.35523
185.53127,1179,-0.01727,3.03602
185.69761,1180,-0.01841,3.09560
185.86934,1181,-0.01830,3.15748
186.04047,1182,-0.01449,3.20447
186.19711,1183,-0.01490,3.02628
186.36008,1184,-0.01244,3.15347
186.52574,1185,0.00801,3.26004
186.69027,1186,-0.02048,3.34771
186.85873,1187,-0.02167,3.37807
187.06454,1188,-0.02417,3.46287
187.19390,1189,-0.02585,3.54538
187.40147,1190,-0.02760,3.33911
187.52114,1191,-0.03602,2.29805
187.72753,1192,-0.01709,-0.36501
187.89369,1193,-0.01634,-0.46699
188.01522,1194,-0.01549,-0.27620
188.18283,1195,-0.01411,-0.23036
188.35386,1196,-0.01638,-0.17020
188.51323,1197,-0.01206,0.03263
188.68301,1198,0.00691,0.04638
188.85396,1199,0.01267,0.30020
189.01594,1200,0.01791,0.38786
189.21829,1201,0.01945,0.22915
189.34813,1202,0.01217,-0.33750
189.50728,1203,0.01047,-0.52142
189.67990,1204,0.01374,-0.48189
189.83960,1205,0.01556,-0.35126
190.04965,1206,0.00676,-0.75404
190.19908,1207,0.00646,-0.70993
190.33304,1208,0.00521,-0.69503
190.52191,1209,0.00313,-0.62226
190.71731,1210,0.00662,-0.47501
190.82999,1211,0.00226,-0.96146
191.00170,1212,0.00120,-1.20439
191.16102,1213,0.00017,-1.25366
191.33779,1214,0.00074,-1.22387
191.53298,1215,0.00446,-1.00042
191.65881,1216,0.00604,-0.86749
191.86436,1217,0.00342,-0.83884
191.98908,1218,0.00111,-1.28804
192.15451,1219,-0.00926,-2.37953
192.32372,1220,-0.00827,-2.63678
192.49698,1221,0.00583,-2.52448
192.65392,1222,0.00223,-2.30619
192.81825,1223,0.00331,-2.15665
193.02402,1224,0.00383,-1.96127
193.14840,1225,0.00166,-1.89767
193.31838,1226,0.00065,-1.81115
193.49003,1227,0.00082,-1.67651
193.65990,1228,0.00087,-1.53212
193.85522,1229,0.00143,-1.35622
193.97576,1230,0.00256,-1.30810
194.18245,1231,0.00665,-1.08292
194.30739,1232,0.00774,-0.98495
194.47897,1233,0.00948,-0.88468
194.64580,1234,0.01340,-0.68930
194.80373,1235,0.01398,-0.62914
194.96941,1236,0.01462,-0.46928
195.13519,1237,0.01963,-0.23036
195.30433,1238,0.01817,-0.10259
195.48259,1239,0.01961,0.04981
195.66935,1240,0.01908,0.02747
195.79757,1241,0.01704,0.07560
195.96329,1242,0.02062,0.24118
196.13944,1243,0.02194,0.25837
196.29460,1244,0.02049,0.35921
196.51065,1245,0.02738,0.72361
196.62582,1246,0.02828,0.76429
196.83648,1247,0.02957,0.93217
196.95895,1248,0.02970,0.94191
197.12506,1249,0.02791,1.03129
197.33637,1250,0.03266,1.23125
197.45400,1251,0.03311,1.27709
197.68520,1252,0.03680,1.44898
197.79858,1253,0.03882,1.45757
197.95376,1254,0.03562,0.93045
198.12461,1255,0.03213,0.50933
198.29140,1256,0.03349,0.46865
198.50977,1257,0.03315,0.57235
198.62172,1258,0.03273,0.63710
198.82919,1259,0.03479,0.79982
198.98618,1260,0.03514,0.81529
198.98618,1261,0.00000,52.22424
199.17336,1262,0.00000,52.22424
199.34956,1263,0.00000,52.22424
199.51539,1264,0.00000,52.22424
199.65036,1265,0.00000,52.22424
199.81825,1266,0.00000,52.22424
200.00063,1267,0.00000,52.22424
200.15106,1268,0.00000,52.22424
200.35671,1269,0.00000,52.22424
200.48352,1270,0.00000,52.22825
200.65142,1271,0.00000,52.28669
200.81994,1272,0.00000,52.31591
200.98947,1273,0.00000,52.30961
201.15076,1274,0.00000,52.39040
201.31731,1275,0.00000,52.42993
201.50706,1276,0.00000,52.53765
201.66489,1277,0.00000,52.47520
201.81996,1278,0.00000,52.58406
201.98751,1279,0.00000,52.56229
202.15267,1280,0.00000,52.61557
202.32237,1281,0.00000,52.75652
202.48433,1282,0.00000,52.80006
202.67438,1283,0.00000,52.84074
202.81777,1284,0.00000,52.84418
202.98625,1285,0.00000,52.90778
203.15267,1286,0.00000,52.95705
203.31927,1287,0.00000,53.02810
203.50577,1288,0.00000,53.10316
203.65097,1289,0.00000,52.88200
203.83888,1290,0.00000,52.39154
203.98421,1291,0.00000,52.32508
204.16398,1292,0.00000,52.32852
204.33543,1293,0.00000,52.42420
204.48371,1294,0.00000,52.64078
204.65165,1295,0.00000,52.51989
204.81776,1296,0.00000,52.06954
205.00447,1297,0.00000,51.91484
205.15836,1298,0.00000,51.92458
205.31773,1299,0.00000,52.02256
205.50293,1300,0.00000,51.99334
205.66783,1301,0.00000,52.08960
205.81896,1302,0.00000,52.21565
205.98661,1303,0.00000,51.52409
206.15922,1304,0.00000,51.42439
206.33460,1305,0.00000,51.38314
206.48476,1306,0.00000,51.33329
206.65224,1307,0.00000,51.51034
206.82050,1308,0.00000,51.55445
206.98693,1309,0.00000,51.57737
207.15187,1310,0.00000,51.76759
207.31796,1311,0.00000,51.85468
207.48776,1312,0.00000,51.78192
207.65354,1313,0.00000,51.87302
207.83595,1314,0.00000,51.85927
207.98589,1315,0.00000,51.90224
208.15646,1316,0.00000,51.94005
208.32232,1317,0.00000,52.00824
208.48484,1318,0.00000,52.21851
208.65113,1319,0.00000,52.31591
208.81783,1320,0.00000,52.32394
208.98632,1321,0.00000,52.33310
209.15301,1322,0.00000,52.44426
209.33242,1323,0.00000,52.43452
209.43196,1324,0.00000,52.24544
209.57542,1325,0.00000,51.53440
209.74320,1326,0.00000,51.46450
209.90581,1327,0.00000,51.27829
210.06856,1328,0.00000,51.22729
210.23453,1329,0.00000,51.01358
210.40257,1330,0.00000,50.51568
210.56570,1331,0.00000,50.55579
210.73118,1332,0.00000,50.60506
210.94176,1333,0.00000,50.78955
211.06216,1334,0.00000,50.89383
211.22952,1335,0.00000,51.00900
211.39343,1336,0.00000,51.04681
211.56032,1337,0.00000,51.14307
211.73727,1338,0.00000,51.31152
211.89001,1339,0.00000,51.34876
212.05537,1340,0.00000,51.47882
212.24571,1341,0.00000,51.43241
212.38703,1342,0.00000,51.44273
212.55411,1343,0.00000,51.61232
212.71785,1344,0.00000,51.59341
212.88960,1345,0.00000,51.86041
213.04919,1346,0.00000,51.95953
213.21869,1347,0.00000,52.13257
213.38290,1348,0.00000,52.13142
213.56568,1349,0.00000,52.25002
213.76158,1350,0.00000,52.27409
213.87692,1351,0.00000,52.36977
214.04290,1352,0.00000,52.42535
214.21203,1353,0.00000,52.54911
214.37445,1354,0.00000,52.62416
214.54157,1355,0.00000,52.64708
214.70923,1356,0.00000,52.64193
214.87234,1357,0.00000,52.63963
215.04420,1358,0.00000,52.63734
215.04420,1359,0.00000,52.62703
215.21046,1360,0.00000,52.62703
215.37412,1361,0.00000,52.62703
215.53941,1362,0.00000,52.62703
215.74112,1363,0.00000,52.62703
215.90150,1364,0.00000,52.62703
216.06259,1365,0.00000,52.62703
216.19923,1366,0.00000,52.62703
216.37146,1367,0.00000,52.62703
216.53146,1368,0.00000,52.62703
216.74009,1369,0.00000,52.62818
216.86363,1370,0.00000,52.62932
217.05718,1371,0.00000,52.62760
217.19493,1372,0.00000,52.62875
217.39880,1373,0.00000,52.62474
217.52396,1374,0.00000,52.62703
217.69214,1375,0.00000,52.62703
217.85419,1376,0.00000,52.62932
218.02190,1377,0.00000,52.63505
218.18882,1378,0.00000,52.63276
218.35931,1379,0.00000,52.63333
218.56076,1380,0.00000,52.63104
218.68223,1381,0.00000,52.63104
218.84800,1382,0.00000,52.62818
219.01447,1383,0.00000,52.62416
219.18361,1384,0.00000,52.61844
219.35839,1385,0.00000,52.61156
219.51143,1386,0.00000,52.61156
219.67680,1387,0.00000,52.60927
219.84160,1388,0.00000,52.59953
